sense1,sense2,lch,hso,jcn,leskvalue,linvalue,resvalue,vecvalue,wupvalue,merge
Sense1,Sense2,,,,,,,,,Merge
roll#v#12,wander#v#03,1.94591014905531,4,0,10,0,3.31824597980984,0.559980866022063,0.571428571428571,not-merged
observe#v#08,observe#v#09,2.23359222150709,0,0.0533963558370442,9,0,0,0.326353777798645,0.5,not-merged
draw#v#19,draw#v#07,1.54044504094715,0,0.0479308243707073,8,0,0,0.842006779067963,0.285714285714286,not-merged
draw#v#19,draw#v#10,1.38629436111989,0,0.0458317989600685,2,0,0,0.320231848405084,0.25,not-merged
draw#v#19,draw#v#05,1.54044504094715,0,0.0484126427704803,5,0,0,0.496592071218118,0.285714285714286,not-merged
draw#v#19,draw#v#14,1.54044504094715,0,0.0447833290935985,7,0,0,0.718899225780024,0.285714285714286,not-merged
draw#v#19,draw#v#16,1.54044504094715,0,0.0439846523726192,4,0,0,0.856749564069954,0.285714285714286,not-merged
draw#v#19,draw#v#06,1.25276296849537,0,0.0486902839246359,8,0,0,0.662600013277568,0.222222222222222,not-merged
draw#v#19,draw#v#20,1.54044504094715,0,0.042683329933691,3,0,0,0.412217590182646,0.285714285714286,not-merged
draw#v#19,draw#v#04,1.38629436111989,0,0.0509057130892524,7,0,0,0.490657629354107,0.25,not-merged
draw#v#19,draw#v#18,1.25276296849537,0,0.042683329933691,8,0,0,0.483651019658017,0.222222222222222,not-merged
draw#v#19,draw#v#09,1.38629436111989,0,0.0462180023621483,11,0,0,0.635392281559534,0.25,not-merged
draw#v#19,draw#v#31,1.38629436111989,0,0,4,0,0,0.492714151134752,0.25,not-merged
draw#v#19,draw#v#12,1.54044504094715,0,0.0453678190811988,2,0,0,0.491193390175536,0.285714285714286,not-merged
draw#v#07,draw#v#10,1.54044504094715,0,0.0519373598733893,9,0,0,0.307969958737063,0.285714285714286,not-merged
draw#v#07,draw#v#05,2.23359222150709,5,0.164743916539544,260,0.664469077443108,6.01039260907683,0.725582370246273,0.666666666666667,not-merged
draw#v#07,draw#v#14,1.7227665977411,0,0.0505950265503971,8,0,0,0.687725131749263,0.333333333333333,not-merged
draw#v#07,draw#v#16,1.7227665977411,0,0.0495779586301383,15,0,0,0.793057105136483,0.333333333333333,not-merged
draw#v#07,draw#v#06,1.38629436111989,0,0.0556389241402073,54,0,0,0.615761261776429,0.25,not-merged
draw#v#07,draw#v#20,1.7227665977411,0,0.0479308243707073,16,0,0,0.407638227005467,0.333333333333333,not-merged
draw#v#07,draw#v#04,1.54044504094715,0,0.0585507134779249,11,0,0,0.449724756414101,0.285714285714286,not-merged
draw#v#07,draw#v#18,1.38629436111989,0,0.0479308243707073,15,0,0,0.453610941336963,0.25,not-merged
draw#v#07,draw#v#09,1.54044504094715,0,0.0524338719532194,31,0,0,0.71458685388135,0.285714285714286,not-merged
draw#v#07,draw#v#31,1.54044504094715,0,0,10,0,0,0.509714805625484,0.285714285714286,not-merged
draw#v#07,draw#v#12,1.7227665977411,0,0.0513423286269129,12,0,0,0.526350608338695,0.333333333333333,not-merged
draw#v#10,draw#v#05,1.54044504094715,0,0.0525035710056218,7,0,0,0.232798659142672,0.285714285714286,not-merged
draw#v#10,draw#v#06,1.54044504094715,2,0.0836399433919106,7,0.368360703421701,3.48626524613555,0.388035793384971,0.444444444444444,not-merged
draw#v#10,draw#v#20,1.54044504094715,0,0.0458317989600685,4,0,0,0.203155491140458,0.285714285714286,not-merged
draw#v#10,draw#v#04,1.7227665977411,3,0.0903979960167828,5,0.386617007577826,3.48626524613555,0.219917178398905,0.5,not-merged
draw#v#10,draw#v#09,1.38629436111989,0,0.049932210069763,6,0,0,0.249659006884811,0.25,not-merged
draw#v#10,draw#v#12,1.54044504094715,0,0.0489413547100076,3,0,0,0.191631721841189,0.285714285714286,not-merged
draw#v#05,draw#v#14,1.7227665977411,0,0.051132196824539,10,0,0,0.426466381731281,0.333333333333333,not-merged
draw#v#05,draw#v#16,1.7227665977411,0,0.0500936393771828,15,0,0,0.482006445925916,0.333333333333333,not-merged
draw#v#05,draw#v#06,1.38629436111989,0,0.0562892240249128,29,0,0,0.388996299531377,0.25,not-merged
draw#v#05,draw#v#20,1.7227665977411,0,0.0484126427704803,20,0,0,0.367180042255797,0.333333333333333,not-merged
draw#v#05,draw#v#04,1.54044504094715,0,0.0592713003378712,15,0,0,0.318558174792176,0.285714285714286,not-merged
draw#v#05,draw#v#18,1.38629436111989,0,0.0484126427704803,13,0,0,0.305995115763352,0.25,not-merged
draw#v#05,draw#v#09,1.54044504094715,0,0.0530110207405808,29,0,0,0.638093178641588,0.285714285714286,not-merged
draw#v#05,draw#v#31,1.54044504094715,0,0,7,0,0,0.327178892599392,0.285714285714286,not-merged
draw#v#05,draw#v#12,1.7227665977411,0,0.051895571145546,10,0,0,0.458295606468483,0.333333333333333,not-merged
draw#v#14,draw#v#16,1.7227665977411,0,0.0462180023621483,6,0,0,0.7862330834455,0.333333333333333,not-merged
draw#v#14,draw#v#06,1.38629436111989,0,0.0514420065850177,10,0,0,0.553429297681478,0.25,not-merged
draw#v#14,draw#v#20,1.7227665977411,0,0.0447833290935985,6,0,0,0.499262571369641,0.333333333333333,not-merged
draw#v#14,draw#v#04,1.54044504094715,0,0.0539212961944165,9,0,0,0.418751807187662,0.285714285714286,not-merged
draw#v#14,draw#v#09,1.54044504094715,0,0.0486902839246359,7,0,0,0.564389637930911,0.285714285714286,not-merged
draw#v#14,draw#v#31,1.54044504094715,0,0,2,0,0,0.453301061687545,0.285714285714286,not-merged
draw#v#14,draw#v#12,1.7227665977411,0,0.0477476399311276,3,0,0,0.492324860601684,0.333333333333333,not-merged
draw#v#16,draw#v#06,1.38629436111989,0,0.0503909551288177,14,0,0,0.619222449419281,0.25,not-merged
draw#v#16,draw#v#20,1.7227665977411,0,0.0439846523726192,10,0,0,0.429611657704797,0.333333333333333,not-merged
draw#v#16,draw#v#04,1.54044504094715,0,0.0527676267951306,7,0,0,0.466542808441023,0.285714285714286,not-merged
draw#v#16,draw#v#09,1.54044504094715,0,0.0477476399311276,13,0,0,0.614634816968193,0.285714285714286,not-merged
draw#v#16,draw#v#12,1.7227665977411,0,0.046840801913038,6,0,0,0.583575682762169,0.333333333333333,not-merged
draw#v#06,draw#v#20,1.38629436111989,0,0.0486902839246359,12,0,0,0.354476103610436,0.25,not-merged
draw#v#06,draw#v#04,1.54044504094715,2,0.102236335145051,15,0.416176339909711,3.48626524613555,0.453241084576371,0.444444444444444,not-merged
draw#v#06,draw#v#18,1.38629436111989,0,0.0737166959835355,13,0.339494489341861,3.48626524613555,0.569319284782939,0.4,not-merged
draw#v#06,draw#v#09,1.25276296849537,0,0.0533440905167282,16,0,0,0.472724926426928,0.222222222222222,not-merged
draw#v#06,draw#v#31,1.25276296849537,0,0,7,0,0,0.464972911777084,0.222222222222222,not-merged
draw#v#06,draw#v#12,1.38629436111989,0,0.0522147293924751,7,0,0,0.365311020252802,0.25,not-merged
draw#v#20,draw#v#04,1.54044504094715,0,0.0509057130892524,8,0,0,0.284990524084373,0.285714285714286,not-merged
draw#v#20,draw#v#09,1.54044504094715,0,0.0462180023621483,8,0,0,0.321165059307358,0.285714285714286,not-merged
draw#v#20,draw#v#12,1.7227665977411,0,0.0453678190811988,14,0,0,0.430422273483144,0.333333333333333,not-merged
draw#v#04,draw#v#18,1.54044504094715,2,0.0789164453777919,9,0.354941636745617,3.48626524613555,0.322700235226719,0.444444444444444,not-merged
draw#v#04,draw#v#09,1.38629436111989,0,0.0560148742119974,10,0,0,0.366934822062307,0.25,not-merged
draw#v#04,draw#v#31,1.38629436111989,0,0,4,0,0,0.277638255249012,0.25,not-merged
draw#v#04,draw#v#12,1.54044504094715,0,0.0547709130166672,4,0,0,0.303971093823964,0.285714285714286,not-merged
draw#v#18,draw#v#09,1.25276296849537,0,0.0462180023621483,16,0,0,0.378468805066135,0.222222222222222,not-merged
draw#v#18,draw#v#31,1.25276296849537,0,0,7,0,0,0.284178094249105,0.222222222222222,not-merged
draw#v#18,draw#v#12,1.38629436111989,0,0.0453678190811988,6,0,0,0.281947144282913,0.25,not-merged
draw#v#09,draw#v#31,1.38629436111989,0,0,7,0,0,0.358780636450029,0.25,not-merged
draw#v#09,draw#v#12,1.54044504094715,0,0.0493819933966612,7,0,0,0.466708534923626,0.285714285714286,not-merged
draw#v#31,draw#v#12,1.54044504094715,0,0,4,0,0,0.275538367459458,0.285714285714286,not-merged
natural#a#02,natural#a#01,,16,,213,,,0.766774551319978,,merged
natural#a#02,natural#a#03,,6,,27,,,0.38991557374265,,not-merged
natural#a#01,natural#a#03,,16,,247,,,0.425411862497666,,not-merged
confront#v#02,confront#v#01,1.54044504094715,0,0.0670431470629636,26,0,0,0.459289612868067,0.285714285714286,merged
confront#v#02,confront#v#03,1.7227665977411,0,0.0596789847524946,12,0,0,0.380602576720876,0.333333333333333,merged
confront#v#01,confront#v#03,1.94591014905531,0,0.0588836934858579,9,0,0,0.420414320330676,0.4,merged
wash_down#v#01,wash_down#v#02,1.25276296849537,0,0.0439846523726192,4,0,0,0.158651468103898,0.222222222222222,not-merged
lady#n#01,lady#n#03,1.55814461804655,0,0,40,0,2.41853245650562,0.560001184721236,0.588235294117647,not-merged
sense#n#01,sense#n#02,1.15267950993839,0,0.0581441487406499,15,0.0566275395942321,0.51618869190567,0.551888215420249,0.421052631578947,not-merged
sense#n#01,sense#n#05,1.84582669049833,2,0.160778859121331,15,0.70890313173653,7.57339177276514,0.268720229292472,0.782608695652174,not-merged
sense#n#01,sense#n#03,1.44036158239017,0,0.0901665480709068,8,0.331384135027772,2.74839782558752,0.429457355764165,0.6,not-merged
sense#n#02,sense#n#05,1.07263680226485,0,0.0479335906001519,24,0.0471522019824731,0.51618869190567,0.336491442513915,0.4,not-merged
sense#n#02,sense#n#03,1.33500106673234,0,0.0621771710840096,34,0.0603184457721976,0.51618869190567,0.598546631270672,0.470588235294118,not-merged
sense#n#05,sense#n#03,1.33500106673234,0,0.0677775440179836,13,0.27143403327399,2.74839782558752,0.246440226183321,0.571428571428571,not-merged
local#a#02,local#a#01,,0,,20,,,0.151180533457093,,merged
play#v#05,play#v#22,1.94591014905531,0,0,21,0,0,0.842092065420622,0.4,not-merged
play#v#05,play#v#09,1.7227665977411,0,0.0547538251243188,7,0,0,0.493087606801944,0.333333333333333,not-merged
play#v#05,play#v#03,1.38629436111989,0,0.0614927329185768,24,0,0,0.51320345730999,0.25,not-merged
play#v#05,play#v#02,1.7227665977411,0,0.0615937407030807,22,0,0,0.815738058376772,0.333333333333333,not-merged
play#v#05,play#v#31,1.38629436111989,0,0,13,0,0,0.550303853480627,0.25,not-merged
play#v#05,play#v#15,1.25276296849537,0,0.0521380377426538,43,0,0,0.785468146093871,0.222222222222222,not-merged
play#v#05,play#v#01,1.7227665977411,0,0.0652328174885341,57,0,0,0.830177437178562,0.333333333333333,not-merged
play#v#05,play#v#06,1.54044504094715,0,0.0580250205612606,31,0,0,0.561466607284888,0.285714285714286,not-merged
play#v#05,play#v#16,1.7227665977411,0,0.0521380377426538,41,0,0,0.680988423381101,0.333333333333333,not-merged
play#v#05,play#v#20,1.54044504094715,0,0.0503195236767603,4,0,0,0.489166274979474,0.285714285714286,not-merged
play#v#05,play#v#29,1.25276296849537,0,0,10,0,0,0.436460456361285,0.222222222222222,not-merged
play#v#05,play#v#17,1.7227665977411,0,0.0503195236767603,16,0,0,0.606093639424041,0.333333333333333,not-merged
play#v#05,play#v#28,1.54044504094715,0,0,33,0,0,0.877779279703673,0.285714285714286,not-merged
play#v#05,play#v#07,1.7227665977411,0,0.0565745975462567,18,0,0,0.536864854925894,0.333333333333333,not-merged
play#v#22,play#v#09,1.94591014905531,0,0,8,0,0,0.526728410991685,0.4,not-merged
play#v#22,play#v#03,1.54044504094715,0,0,9,0,0,0.541712091543482,0.285714285714286,not-merged
play#v#22,play#v#02,1.94591014905531,0,0,17,0,0,0.755398230444736,0.4,not-merged
play#v#22,play#v#01,1.94591014905531,0,0,18,0,0,0.822737978886759,0.4,not-merged
play#v#22,play#v#06,1.7227665977411,0,0,9,0,0,0.557985691943237,0.333333333333333,not-merged
play#v#22,play#v#07,1.94591014905531,0,0,9,0,0,0.565892258957453,0.4,not-merged
play#v#09,play#v#03,1.38629436111989,0,0.0549209309491066,7,0,0,0.410772227686651,0.25,not-merged
play#v#09,play#v#02,1.7227665977411,0,0.0550014886019893,7,0,0,0.578839199611919,0.333333333333333,not-merged
play#v#09,play#v#31,1.38629436111989,0,0,8,0,0,0.492574767972954,0.25,not-merged
play#v#09,play#v#15,1.25276296849537,0,0.0473355637760254,12,0,0,0.488829397323919,0.222222222222222,not-merged
play#v#09,play#v#01,1.7227665977411,0,0.0578850510887194,13,0,0,0.580647418114371,0.333333333333333,not-merged
play#v#09,play#v#06,1.54044504094715,0,0.0521380377426538,6,0,0,0.433656587345394,0.285714285714286,not-merged
play#v#09,play#v#16,1.7227665977411,0,0.0473355637760254,6,0,0,0.549355611455506,0.333333333333333,not-merged
play#v#09,play#v#20,1.54044504094715,0,0.0458317989600685,5,0,0,0.482694893209987,0.285714285714286,not-merged
play#v#09,play#v#29,1.25276296849537,0,0,3,0,0,0.529892325041898,0.222222222222222,not-merged
play#v#09,play#v#17,1.7227665977411,0,0.0458317989600685,4,0,0,0.554724544269299,0.333333333333333,not-merged
play#v#09,play#v#28,1.54044504094715,0,0,8,0,0,0.559788339065366,0.285714285714286,not-merged
play#v#09,play#v#07,1.7227665977411,0,0.0509640157577635,8,0,0,0.401403564077718,0.333333333333333,not-merged
play#v#03,play#v#02,1.38629436111989,0,0.0618052850516994,18,0,0,0.521468568865411,0.25,not-merged
play#v#03,play#v#31,1.13497993283898,0,0,9,0,0,0.481019577466751,0.2,not-merged
play#v#03,play#v#15,1.02961941718116,0,0.0522895363730921,24,0,0,0.519764476875733,0.181818181818182,not-merged
play#v#03,play#v#01,1.38629436111989,0,0.0654701453222504,41,0,0,0.581027860840494,0.25,not-merged
play#v#03,play#v#06,1.94591014905531,4,0.185726989414705,32,0.686568310383866,5.89706392376983,0.448238386154223,0.666666666666667,not-merged
play#v#03,play#v#16,1.38629436111989,0,0.0522895363730921,17,0,0,0.476762532089045,0.25,not-merged
play#v#03,play#v#20,1.25276296849537,0,0.0504606241182778,5,0,0,0.328837269672185,0.222222222222222,not-merged
play#v#03,play#v#29,1.02961941718116,0,0,10,0,0,0.412298250852563,0.181818181818182,not-merged
play#v#03,play#v#17,1.38629436111989,0,0.0504606241182778,12,0,0,0.438626462522646,0.25,not-merged
play#v#03,play#v#28,1.25276296849537,0,0,13,0,0,0.565898144323822,0.222222222222222,not-merged
play#v#03,play#v#07,1.38629436111989,0,0.0567530200723887,52,0,0,0.649433959520758,0.25,not-merged
play#v#02,play#v#31,1.38629436111989,0,0,12,0,0,0.529535916616418,0.25,not-merged
play#v#02,play#v#15,1.25276296849537,0,0.0523625543987666,25,0,0,0.770533007892144,0.222222222222222,not-merged
play#v#02,play#v#01,1.7227665977411,2,0.0655846544244588,27,0,0,0.793780195083562,0.333333333333333,not-merged
play#v#02,play#v#06,1.54044504094715,0,0.0583032358683825,11,0,0,0.572465212720514,0.285714285714286,not-merged
play#v#02,play#v#16,1.7227665977411,0,0.0523625543987666,18,0,0,0.646440699937941,0.333333333333333,not-merged
play#v#02,play#v#20,1.54044504094715,0,0.0505286203003039,3,0,0,0.551720441503307,0.285714285714286,not-merged
play#v#02,play#v#29,1.25276296849537,0,0,6,0,0,0.537705066083611,0.222222222222222,not-merged
play#v#02,play#v#17,2.23359222150709,5,0.0677239724328849,111,0.253903477821265,2.51247190515251,0.81289569390071,0.666666666666667,not-merged
play#v#02,play#v#28,1.54044504094715,0,0,17,0,0,0.764573176898663,0.285714285714286,not-merged
play#v#02,play#v#07,1.7227665977411,0,0.0568390461712267,13,0,0,0.523534071434138,0.333333333333333,not-merged
play#v#31,play#v#15,1.25276296849537,0,0,16,0,3.05340116383927,0.530472574321538,0.363636363636364,not-merged
play#v#31,play#v#01,1.38629436111989,0,0,23,0,0,0.604795657020445,0.25,not-merged
play#v#31,play#v#06,1.25276296849537,0,0,12,0,0,0.42256497896412,0.222222222222222,not-merged
play#v#31,play#v#28,1.25276296849537,0,0,11,0,0,0.599904266151125,0.222222222222222,not-merged
play#v#31,play#v#07,1.38629436111989,0,0,14,0,0,0.441161835302886,0.25,not-merged
play#v#15,play#v#01,1.25276296849537,0,0.0549694946099802,82,0,0,0.820084411302958,0.222222222222222,not-merged
play#v#15,play#v#06,1.13497993283898,0,0.0497607858269678,31,0,0,0.543554627763245,0.2,not-merged
play#v#15,play#v#28,1.13497993283898,0,0,32,0,0,0.770280966536672,0.2,not-merged
play#v#15,play#v#07,1.25276296849537,0,0.0486902839246359,28,0,0,0.488087447886969,0.222222222222222,not-merged
play#v#01,play#v#06,1.54044504094715,0,0.061553620564203,71,0,0,0.591494145840903,0.285714285714286,not-merged
play#v#01,play#v#16,1.7227665977411,0,0.0549694946099802,39,0,0,0.720297957448783,0.333333333333333,not-merged
play#v#01,play#v#20,1.54044504094715,0,0.0529519230737283,9,0,0,0.423071794465735,0.285714285714286,not-merged
play#v#01,play#v#29,1.94591014905531,5,0,13,0,7.17088030146303,0.503971513450728,0.666666666666667,not-merged
play#v#01,play#v#17,1.7227665977411,0,0.0529519230737283,17,0,0,0.606115708835192,0.333333333333333,not-merged
play#v#01,play#v#28,1.54044504094715,0,0,25,0,0,0.872047719792856,0.285714285714286,not-merged
play#v#01,play#v#07,1.7227665977411,0,0.0599239057199098,56,0,0,0.537130916251874,0.333333333333333,not-merged
play#v#06,play#v#16,1.54044504094715,0,0.0497607858269678,17,0,0,0.449013413003057,0.285714285714286,not-merged
play#v#06,play#v#20,1.38629436111989,0,0.0481016842563934,3,0,0,0.320279000133306,0.25,not-merged
play#v#06,play#v#29,1.13497993283898,0,0,8,0,0,0.388262063254987,0.2,not-merged
play#v#06,play#v#17,1.54044504094715,0,0.0481016842563934,11,0,0,0.473815225930125,0.285714285714286,not-merged
play#v#06,play#v#28,1.38629436111989,0,0,13,0,0,0.593583681008862,0.25,not-merged
play#v#06,play#v#07,1.54044504094715,0,0.0537863773942664,43,0,0,0.506412388528328,0.285714285714286,not-merged
play#v#16,play#v#29,1.25276296849537,0,0,9,0,0,0.439776944855666,0.222222222222222,not-merged
play#v#16,play#v#17,1.7227665977411,0,0.0439846523726192,25,0,0,0.636035148953304,0.333333333333333,not-merged
play#v#16,play#v#28,1.54044504094715,0,0,18,0,0,0.69107249305148,0.285714285714286,not-merged
play#v#16,play#v#07,1.7227665977411,0,0.0486902839246359,13,0,0,0.526395002882089,0.333333333333333,not-merged
play#v#20,play#v#29,1.13497993283898,0,0,1,0,0,0.513171207739985,0.2,not-merged
play#v#20,play#v#17,1.54044504094715,0,0.042683329933691,2,0,0,0.604607290037056,0.285714285714286,not-merged
play#v#20,play#v#28,1.38629436111989,0,0,3,0,0,0.471260218815387,0.25,not-merged
play#v#20,play#v#07,1.54044504094715,0,0.0471006586888116,8,0,0,0.351877816084633,0.285714285714286,not-merged
play#v#29,play#v#17,1.25276296849537,0,0,6,0,0,0.514775564560875,0.222222222222222,not-merged
play#v#29,play#v#28,1.13497993283898,0,0,5,0,0,0.504170817033655,0.2,not-merged
play#v#29,play#v#07,1.25276296849537,0,0,13,0,0,0.399022691657709,0.222222222222222,not-merged
play#v#17,play#v#28,1.54044504094715,0,0,11,0,0,0.599943960817761,0.285714285714286,not-merged
play#v#17,play#v#07,1.7227665977411,0,0.0471006586888116,9,0,0,0.531221748034031,0.333333333333333,not-merged
play#v#28,play#v#07,1.54044504094715,0,0,10,0,0,0.59911282485449,0.285714285714286,not-merged
pull#v#01,pull#v#03,1.54044504094715,0,0.0607098017938418,32,0,0,0.559125958737168,0.285714285714286,not-merged
pull#v#01,pull#v#04,1.54044504094715,0,0.0654971842263213,109,0,0,0.705261946677752,0.285714285714286,not-merged
pull#v#01,pull#v#17,1.7227665977411,0,0,18,0,0,0.559219820675001,0.333333333333333,not-merged
pull#v#01,pull#v#09,2.23359222150709,5,0,253,0,3.05340116383927,0.70632372237756,0.666666666666667,not-merged
pull#v#01,pull#v#07,1.94591014905531,4,0.0822587471099507,32,0.334370786718494,3.05340116383927,0.501136846119711,0.571428571428571,not-merged
pull#v#03,pull#v#04,1.38629436111989,0,0.0536455981381099,18,0,0,0.49958911001086,0.25,not-merged
pull#v#03,pull#v#17,1.54044504094715,0,0,4,0,0,0.320232630635493,0.285714285714286,not-merged
pull#v#03,pull#v#09,1.54044504094715,0,0,28,0,0,0.646851460100558,0.285714285714286,not-merged
pull#v#03,pull#v#07,1.38629436111989,0,0.0462180023621483,30,0,0,0.673759678662505,0.25,not-merged
pull#v#04,pull#v#17,1.54044504094715,0,0,18,0,0,0.470370884797222,0.285714285714286,not-merged
pull#v#04,pull#v#09,1.54044504094715,0,0,22,0,0,0.519136821539377,0.285714285714286,not-merged
pull#v#04,pull#v#07,1.38629436111989,0,0.0489413547100076,15,0,0,0.425235356804116,0.25,not-merged
pull#v#17,pull#v#09,1.7227665977411,0,0,8,0,0,0.371772191001904,0.333333333333333,not-merged
pull#v#17,pull#v#07,1.54044504094715,0,0,9,0,0,0.299846342084643,0.285714285714286,not-merged
pull#v#09,pull#v#07,1.94591014905531,4,0,28,0,3.05340116383927,0.610828707076503,0.571428571428571,not-merged
serve#v#06,serve#v#07,1.38629436111989,0,0.0574948282103145,13,0,0,0.572575971384872,0.25,not-merged
serve#v#06,serve#v#13,1.38629436111989,0,0,3,0,0,0.65424244314843,0.25,not-merged
serve#v#06,serve#v#08,0.847297860387204,0,0.0543732468651655,7,0,0,0.692500589754283,0.153846153846154,not-merged
serve#v#06,serve#v#09,1.38629436111989,0,0.0533963558370442,8,0,0,0.605946494292311,0.25,not-merged
serve#v#06,serve#v#10,1.25276296849537,0,0.0533963558370442,17,0,0,0.717167964989202,0.222222222222222,not-merged
serve#v#06,serve#v#01,0.934309237376833,0,0.062772320186496,19,0,0,0.647644474347235,0.166666666666667,not-merged
serve#v#06,serve#v#02,1.38629436111989,0,0.0611683509781074,19,0,0,0.664101104854326,0.25,not-merged
serve#v#06,serve#v#03,1.13497993283898,0,0.0649533476511862,4,0,0,0.643536972643561,0.2,not-merged
serve#v#07,serve#v#13,1.7227665977411,0,0,6,0,0,0.67351795123769,0.333333333333333,not-merged
serve#v#07,serve#v#08,1.02961941718116,0,0.0539432486751422,15,0,0,0.622559473446375,0.181818181818182,not-merged
serve#v#07,serve#v#09,1.7227665977411,0,0.0529816109506316,10,0,0,0.571502482273796,0.333333333333333,not-merged
serve#v#07,serve#v#10,1.54044504094715,0,0.0529816109506316,26,0,0,0.672456676718792,0.285714285714286,not-merged
serve#v#07,serve#v#01,1.13497993283898,0,0.0621999167309562,26,0,0,0.633884102353827,0.2,not-merged
serve#v#07,serve#v#02,1.7227665977411,0,0.0606246994246981,34,0,0,0.631946491746233,0.333333333333333,not-merged
serve#v#07,serve#v#03,1.38629436111989,0,0.0643406709197764,9,0,0,0.578709581452728,0.25,not-merged
serve#v#13,serve#v#08,1.02961941718116,0,0,4,0,0,0.850517434857521,0.181818181818182,not-merged
serve#v#13,serve#v#09,1.7227665977411,0,0,2,0,0,0.795954081747774,0.333333333333333,not-merged
serve#v#13,serve#v#10,1.54044504094715,0,0,7,0,0,0.854020808673419,0.285714285714286,not-merged
serve#v#13,serve#v#01,1.13497993283898,0,0,5,0,0,0.858565816998482,0.2,not-merged
serve#v#13,serve#v#02,2.23359222150709,5,0,18,0,6.6643190764835,0.919393298154175,0.666666666666667,not-merged
serve#v#13,serve#v#03,1.38629436111989,0,0,2,0,0,0.802062478184642,0.25,not-merged
serve#v#08,serve#v#09,1.02961941718116,0,0.0503195236767603,1,0,0,0.749991634239858,0.181818181818182,not-merged
serve#v#08,serve#v#10,0.934309237376833,0,0.0503195236767603,16,0,0,0.848085538255895,0.166666666666667,not-merged
serve#v#08,serve#v#01,0.693147180559945,0,0.0585626816813343,15,0,0,0.855342000093097,0.133333333333333,not-merged
serve#v#08,serve#v#02,1.02961941718116,0,0.0571642333915822,12,0,0,0.860676627562881,0.181818181818182,not-merged
serve#v#08,serve#v#03,1.02961941718116,0,0.104512132571115,6,0.421535325118841,3.48626524613555,0.860798688603732,0.307692307692308,not-merged
serve#v#09,serve#v#10,1.54044504094715,0,0.0494817422288012,25,0,0,0.733156612899082,0.285714285714286,not-merged
serve#v#09,serve#v#01,1.13497993283898,0,0.0574310197201405,23,0,0,0.778981527312104,0.2,not-merged
serve#v#09,serve#v#02,1.7227665977411,0,0.0560854754044991,37,0,0,0.795783228257025,0.333333333333333,not-merged
serve#v#09,serve#v#03,1.38629436111989,0,0.0592512894519773,2,0,0,0.746512507746076,0.25,not-merged
serve#v#10,serve#v#01,1.02961941718116,0,0.0574310197201405,39,0,0,0.79771433386757,0.181818181818182,not-merged
serve#v#10,serve#v#02,1.54044504094715,0,0.0560854754044991,49,0,0,0.858018604277556,0.285714285714286,not-merged
serve#v#10,serve#v#03,1.25276296849537,0,0.0592512894519773,13,0,0,0.806564400410436,0.222222222222222,not-merged
serve#v#01,serve#v#02,1.13497993283898,0,0.0665218845627034,44,0,0,0.8561329614136,0.2,not-merged
serve#v#01,serve#v#03,0.934309237376833,0,0.0710227852935382,10,0,0,0.81474436530695,0.166666666666667,not-merged
serve#v#02,serve#v#03,1.38629436111989,0,0.0689763455843608,9,0,0,0.802778716454332,0.25,not-merged
nature#n#05,nature#n#03,0.747214401830221,0,0,5,0,0,0.316957063460282,0.19047619047619,not-merged
nature#n#05,nature#n#01,1.07263680226485,0,0,12,0,0.51618869190567,0.444999793173234,0.4,merged
nature#n#05,nature#n#02,0.929535958624176,0,0,15,0,0,0.618794271111159,0.222222222222222,not-merged
nature#n#05,nature#n#04,1.07263680226485,0,0,28,0,0.51618869190567,0.661004574340847,0.4,merged
nature#n#03,nature#n#01,1.15267950993839,0,0.0525591543037266,8,0,0,0.297099038973651,0.266666666666667,not-merged
nature#n#03,nature#n#02,1.55814461804655,0,0.0539671539993114,9,0.0893529262575226,0.909073864437029,0.398805393066809,0.461538461538462,merged
nature#n#03,nature#n#04,1.15267950993839,0,0.0547701130801291,19,0,0,0.409756740959436,0.266666666666667,not-merged
nature#n#01,nature#n#02,1.44036158239017,0,0.053366066652134,17,0,0,0.456864216760301,0.333333333333333,not-merged
nature#n#01,nature#n#04,2.02814824729229,3,0.0842860852154075,33,0.287370294096026,2.39217017809335,0.519382560307064,0.714285714285714,merged
nature#n#02,nature#n#04,1.44036158239017,0,0.0556469068705346,25,0,0,0.631892503939103,0.333333333333333,not-merged
art#n#01,art#n#02,0.929535958624176,0,0.061656035736835,127,0,0,0.78766454595043,0.222222222222222,merged
art#n#01,art#n#03,0.998528830111127,0,0.0577446402501067,70,0,0,0.753009151279531,0.235294117647059,merged
art#n#02,art#n#03,1.33500106673234,0,0.0625144750746712,114,0.149203711718188,1.40263107412323,0.75289628022499,0.526315789473684,merged
use#v#06,use#v#01,1.94591014905531,0,0,27,0,0,0.784101197562713,0.4,not-merged
use#v#06,use#v#04,1.94591014905531,0,0,12,0,0,0.629999695735885,0.4,not-merged
use#v#06,use#v#02,1.7227665977411,0,0,7,0,0,0.696313660921684,0.333333333333333,not-merged
use#v#06,use#v#03,1.54044504094715,0,0,16,0,0,0.741435655199741,0.285714285714286,not-merged
use#v#01,use#v#04,2.23359222150709,0,0.0892816007144464,33,0,0,0.682058829415895,0.5,merged
use#v#01,use#v#02,1.94591014905531,0,0.0748835623657849,12,0,0,0.862208590307223,0.4,not-merged
use#v#01,use#v#03,2.23359222150709,6,0.205327090785891,63,0.633261031892841,4.20483981771644,0.810602747135504,0.666666666666667,not-merged
use#v#04,use#v#02,1.94591014905531,0,0.0619390569107375,9,0,0,0.678474392583624,0.4,not-merged
use#v#04,use#v#03,1.7227665977411,0,0.0622246792586017,13,0,0,0.681290990453366,0.333333333333333,not-merged
use#v#02,use#v#03,1.54044504094715,0,0.0548716611424753,13,0,0,0.781129083050758,0.285714285714286,not-merged
live#v#07,live#v#02,2.23359222150709,0,0,12,0,0,0.354215074760907,0.5,not-merged
conduct#v#01,conduct#v#04,1.25276296849537,0,0.0593258179938942,15,0,0,0.57141699375572,0.222222222222222,not-merged
cool#a#01,cool#a#04,,0,,40,,,0.663807662621456,,not-merged
cool#a#01,cool#a#03,,0,,20,,,0.659379793385924,,not-merged
cool#a#04,cool#a#03,,0,,19,,,0.629188432470661,,not-merged
dress_up#v#01,dress_up#v#02,1.25276296849537,0,0.0473355637760254,9,0,0,0.484145412423357,0.222222222222222,not-merged
equal#v#02,equal#v#03,1.7227665977411,0,0.0519785763996078,12,0,0,0.674514793114042,0.333333333333333,not-merged
yew#n#02,yew#n#01,0.864997437486605,16,0,797,0,0.909073864437029,0.798296994421649,0.285714285714286,not-merged
stress#n#03,stress#n#05,0.929535958624176,0,0.0485733588375176,17,0,0,0.308611256150625,0.222222222222222,not-merged
stress#n#03,stress#n#04,0.80437281567017,0,0.047397312253394,7,0,0,0.193985298890485,0.2,not-merged
stress#n#03,stress#n#01,0.929535958624176,0,0.05557975613218,45,0,0,0.252210809007911,0.222222222222222,not-merged
stress#n#05,stress#n#04,1.44036158239017,0,0.0620985517428242,7,0.278585162026964,3.10929152706578,0.17577812685827,0.6,not-merged
stress#n#05,stress#n#01,1.23969088692802,0,0.0549947300677819,26,0.0537250584067593,0.51618869190567,0.268241420066559,0.444444444444444,not-merged
stress#n#04,stress#n#01,1.07263680226485,0,0.0534919945865455,15,0.052333845068769,0.51618869190567,0.181491277156803,0.4,not-merged
strike#v#02,strike#v#05,1.02961941718116,0,0.0579205300742141,16,0,0,0.309435857322021,0.181818181818182,not-merged
strike#v#02,strike#v#04,1.54044504094715,0,0.0640353403857531,58,0,0,0.591013572839356,0.285714285714286,not-merged
strike#v#02,strike#v#10,2.23359222150709,5,0.149575795471009,83,0.588210508865261,4.77492113769153,0.580554495666157,0.666666666666667,not-merged
strike#v#02,strike#v#11,1.54044504094715,0,0.0550014886019893,19,0,0,0.463778133678386,0.285714285714286,not-merged
strike#v#02,strike#v#21,1.54044504094715,0,0,18,0,0,0.558865229915589,0.285714285714286,not-merged
strike#v#02,strike#v#07,0.934309237376833,0,0.0579205300742141,12,0,0,0.617723298252652,0.166666666666667,not-merged
strike#v#05,strike#v#04,0.934309237376833,0,0.0538769424386627,10,0,0,0.275107014369242,0.166666666666667,not-merged
strike#v#05,strike#v#10,1.02961941718116,0,0.0521380377426538,8,0,0,0.236701010534643,0.181818181818182,not-merged
strike#v#05,strike#v#11,0.934309237376833,0,0.0473355637760254,2,0,0,0.211091484269735,0.166666666666667,not-merged
strike#v#05,strike#v#21,0.934309237376833,0,0,6,0,0,0.296240452196237,0.166666666666667,not-merged
strike#v#05,strike#v#07,0.559615787935423,0,0.0494817422288012,4,0,0,0.31083933528162,0.117647058823529,not-merged
strike#v#04,strike#v#10,1.54044504094715,0,0.0570411729409325,15,0,0,0.411085873745881,0.285714285714286,not-merged
strike#v#04,strike#v#11,1.38629436111989,0,0.0513423286269129,9,0,0,0.375635535629805,0.25,not-merged
strike#v#04,strike#v#21,1.38629436111989,0,0,11,0,0,0.414415202967427,0.25,not-merged
strike#v#04,strike#v#07,0.847297860387204,0,0.0538769424386627,7,0,0,0.482356047572738,0.153846153846154,not-merged
strike#v#10,strike#v#11,1.54044504094715,0,0.0497607858269678,5,0,0,0.342830924354086,0.285714285714286,not-merged
strike#v#10,strike#v#21,1.54044504094715,0,0,7,0,0,0.397228560612447,0.285714285714286,not-merged
strike#v#10,strike#v#07,0.934309237376833,0,0.0521380377426538,5,0,0,0.417780980026777,0.166666666666667,not-merged
strike#v#11,strike#v#21,1.38629436111989,0,0,7,0,0,0.360154831493145,0.25,not-merged
strike#v#11,strike#v#07,0.847297860387204,0,0.0473355637760254,4,0,0,0.408536086308316,0.153846153846154,not-merged
strike#v#21,strike#v#07,0.847297860387204,0,0,3,0,0,0.749787978012884,0.153846153846154,not-merged
blind#s#02,blind#s#03,,,,,,,,,merged
act#v#03,act#v#10,1.94591014905531,4,0.14059884930407,38,0.623811357297121,5.89706392376983,0.706383522903918,0.666666666666667,not-merged
act#v#03,act#v#05,1.54044504094715,0,0.0566450326876532,22,0,0,0.789172861478831,0.285714285714286,not-merged
act#v#10,act#v#05,1.38629436111989,0,0.0481016842563934,12,0,0,0.525988621471745,0.25,not-merged
drive#v#03,drive#v#13,1.7227665977411,0,0,4,0,0,0.691078259930933,0.333333333333333,not-merged
drive#v#03,drive#v#08,1.94591014905531,4,0.0721718802584583,23,0.305911953550469,3.05340116383927,0.517253385236121,0.571428571428571,not-merged
drive#v#03,drive#v#07,1.38629436111989,0,0.051895571145546,32,0,0,0.67445540603374,0.25,not-merged
drive#v#03,drive#v#02,1.7227665977411,0,0.0573496908663821,31,0,0,0.733122157188866,0.333333333333333,not-merged
drive#v#03,drive#v#05,1.38629436111989,0,0.0530110207405808,22,0,0,0.444750018688499,0.25,not-merged
drive#v#03,drive#v#01,1.25276296849537,0,0.0606175288478547,34,0,0,0.722196909517023,0.222222222222222,not-merged
drive#v#13,drive#v#08,1.54044504094715,0,0,4,0,0,0.3396253964694,0.285714285714286,not-merged
drive#v#13,drive#v#07,1.38629436111989,0,0,2,0,0,0.855011899030027,0.25,not-merged
drive#v#13,drive#v#02,1.7227665977411,0,0,8,0,0,0.766003742113879,0.333333333333333,not-merged
drive#v#13,drive#v#05,1.38629436111989,0,0,1,0,0,0.541013694625926,0.25,not-merged
drive#v#13,drive#v#01,1.25276296849537,0,0,7,0,0,0.721991456639752,0.222222222222222,not-merged
drive#v#08,drive#v#07,1.25276296849537,0,0.046840801913038,5,0,0,0.365048428388996,0.222222222222222,not-merged
drive#v#08,drive#v#02,1.54044504094715,0,0.051239149236294,6,0,0,0.416206255820452,0.285714285714286,not-merged
drive#v#08,drive#v#05,1.25276296849537,0,0.0477476399311276,10,0,0,0.424068578105748,0.222222222222222,not-merged
drive#v#08,drive#v#01,1.13497993283898,0,0.0538319756115466,16,0,0,0.537615111511847,0.2,not-merged
drive#v#07,drive#v#02,1.38629436111989,0,0.0531259862033939,11,0,0,0.813954023680318,0.25,not-merged
drive#v#07,drive#v#05,1.13497993283898,0,0.0493819933966612,19,0,0,0.536530954850646,0.2,not-merged
drive#v#07,drive#v#01,1.02961941718116,0,0.0559184891568278,8,0,0,0.733892582410007,0.181818181818182,not-merged
drive#v#02,drive#v#05,1.38629436111989,0,0.054295552237368,5,0,0,0.625346231012924,0.25,not-merged
drive#v#02,drive#v#01,1.25276296849537,0,0.0623030007959634,14,0,0,0.755692375884741,0.222222222222222,not-merged
drive#v#05,drive#v#01,1.02961941718116,0,0.0572157414481934,11,0,0,0.593860529276805,0.181818181818182,not-merged
spade#n#02,spade#n#01,0.864997437486605,0,0.0444073919403185,17,0.0747073844374723,0.909073864437029,0.778172250600638,0.285714285714286,not-merged
restraint#n#02,restraint#n#04,1.07263680226485,0,0,6,0,0.51618869190567,0.25154597663669,0.4,not-merged
restraint#n#02,restraint#n#01,1.23969088692802,0,0.0493582894517579,26,0.0484857246402115,0.51618869190567,0.339331031108087,0.444444444444444,merged
restraint#n#02,restraint#n#06,0.998528830111127,0,0.0528393902669173,19,0,0,0.413310330934692,0.235294117647059,not-merged
restraint#n#04,restraint#n#01,1.07263680226485,0,0,25,0,1.40263107412323,0.308713195108652,0.454545454545455,not-merged
restraint#n#04,restraint#n#06,0.747214401830221,0,0,25,0,0,0.38189324694504,0.19047619047619,merged
restraint#n#01,restraint#n#06,0.864997437486605,0,0.052412478681611,56,0,0,0.607267916957401,0.210526315789474,not-merged
play_out#v#03,play_out#v#02,1.25276296849537,0,0,5,0,0,0.698896180032457,0.222222222222222,not-merged
play_out#v#03,play_out#v#04,1.54044504094715,0,0,5,0,0,0.595803931364227,0.285714285714286,not-merged
play_out#v#02,play_out#v#04,1.38629436111989,0,0,9,0,0,0.565460469655332,0.25,not-merged
child#n#01,child#n#02,1.84582669049833,2,0.1459110169524,91,0.413758293403821,2.41853245650562,0.828851086237668,0.666666666666667,merged
child#n#01,child#n#03,2.2512917986065,4,0.0907428062823946,13,0.305038602910809,2.41853245650562,0.764758651557291,0.769230769230769,not-merged
child#n#01,child#n#04,1.84582669049833,2,0.0796140162744299,21,0.278029510483817,2.41853245650562,0.605759626901602,0.666666666666667,not-merged
child#n#02,child#n#03,2.02814824729229,3,0.0930386301688589,9,0.310360947801274,2.41853245650562,0.775789091964982,0.714285714285714,not-merged
child#n#02,child#n#04,2.02814824729229,3,0.146991600407386,23,0.602755128743378,5.16131186497482,0.622481373654547,0.75,not-merged
child#n#03,child#n#04,2.02814824729229,3,0.0607705688952314,6,0.227173319676238,2.41853245650562,0.703014554063168,0.714285714285714,not-merged
match#v#03,match#v#01,1.54044504094715,0,0.0676455442398479,30,0,0,0.837118807827518,0.285714285714286,not-merged
match#v#03,match#v#09,1.38629436111989,0,0,12,0,0,0.755918169851362,0.25,not-merged
match#v#03,match#v#05,1.38629436111989,0,0.0589599994703808,17,0,0,0.661251367881333,0.25,merged
match#v#03,match#v#02,1.25276296849537,0,0.0546317144822998,11,0,0,0.361572044373403,0.222222222222222,not-merged
match#v#01,match#v#09,1.54044504094715,0,0,19,0,0,0.862539801478496,0.285714285714286,not-merged
match#v#01,match#v#05,1.54044504094715,0,0.073565352705345,21,0,0,0.681586436041094,0.285714285714286,not-merged
match#v#01,match#v#02,1.38629436111989,0,0.0669474426429582,9,0,0,0.245131772008183,0.25,not-merged
match#v#09,match#v#05,1.38629436111989,0,0,17,0,0,0.578510936185039,0.25,not-merged
match#v#09,match#v#02,1.25276296849537,0,0,5,0,0,0.25908791135305,0.222222222222222,not-merged
match#v#05,match#v#02,1.25276296849537,0,0.0584289548262992,5,0,0,0.172687994307505,0.222222222222222,not-merged
detention#n#01,detention#n#02,1.07263680226485,0,0,12,0,0.51618869190567,0.504505208791918,0.4,not-merged
develop#v#13,build_up#v#05,1.38629436111989,0,0.0481016842563934,10,0,0,0.314629601663416,0.25,not-merged
develop#v#13,develop#v#01,1.54044504094715,0,0.051132196824539,14,0,0,0.591282353746402,0.285714285714286,not-merged
develop#v#13,develop#v#12,1.54044504094715,0,0.051132196824539,5,0,0,0.509719290192043,0.285714285714286,not-merged
develop#v#13,develop#v#10,1.13497993283898,0,0.0544114219196845,7,0,0,0.396036859804245,0.2,not-merged
develop#v#13,develop#v#14,1.54044504094715,0,0.0453678190811988,5,0,0,0.469057654024557,0.285714285714286,not-merged
develop#v#13,develop#v#09,1.54044504094715,0,0.0453678190811988,3,0,0,0.407455485524258,0.285714285714286,not-merged
develop#v#13,develop#v#03,1.54044504094715,0,0.0508462078830723,12,0,0,0.537690412311474,0.285714285714286,not-merged
build_up#v#05,develop#v#01,1.54044504094715,0,0.0591083208572878,14,0,0,0.479913527987485,0.285714285714286,not-merged
build_up#v#05,develop#v#12,1.94591014905531,4,0.0933229697589084,26,0.366626233498689,3.10130814224851,0.481934963225258,0.571428571428571,not-merged
build_up#v#05,develop#v#10,1.13497993283898,3,0.0635346747639508,28,0,0,0.485366291033727,0.2,not-merged
build_up#v#05,develop#v#14,1.54044504094715,3,0.0515384259396429,19,0,0,0.466569230647369,0.285714285714286,not-merged
build_up#v#05,develop#v#09,1.54044504094715,0,0.0515384259396429,8,0,0,0.478639474552929,0.285714285714286,not-merged
build_up#v#05,develop#v#03,1.54044504094715,3,0.0587264831309488,12,0,0,0.42480241418488,0.285714285714286,not-merged
develop#v#01,develop#v#12,1.7227665977411,0,0.0637513263919147,36,0,0,0.600445954605594,0.333333333333333,not-merged
develop#v#01,develop#v#10,1.25276296849537,0,0.0689308466926276,29,0,0,0.55788472744298,0.222222222222222,not-merged
develop#v#01,develop#v#14,1.7227665977411,0,0.0550331842534478,13,0,0,0.579543445695979,0.333333333333333,not-merged
develop#v#01,develop#v#09,1.7227665977411,0,0.0550331842534478,3,0,0,0.553791350348857,0.333333333333333,not-merged
develop#v#01,develop#v#03,1.7227665977411,0,0.063307370605778,12,0,0,0.531889639160267,0.333333333333333,not-merged
develop#v#12,develop#v#10,1.25276296849537,6,0.0689308466926276,33,0,0,0.816875124692705,0.222222222222222,not-merged
develop#v#12,develop#v#14,1.7227665977411,4,0.0550331842534478,24,0,0,0.80940517371898,0.333333333333333,not-merged
develop#v#12,develop#v#09,1.7227665977411,0,0.0550331842534478,7,0,0,0.703532797667269,0.333333333333333,not-merged
develop#v#12,develop#v#03,1.7227665977411,4,0.063307370605778,15,0,0,0.570752420711222,0.333333333333333,not-merged
develop#v#10,develop#v#14,1.54044504094715,2,0.0927383144270545,30,0.365412963566481,3.10458504305083,0.801146090465736,0.444444444444444,not-merged
develop#v#10,develop#v#09,1.25276296849537,0,0.0588505321161044,12,0,0,0.752591362678211,0.222222222222222,not-merged
develop#v#10,develop#v#03,1.54044504094715,2,0.118932594826749,24,0.424782457491043,3.10458504305083,0.51555561800657,0.444444444444444,not-merged
develop#v#14,develop#v#09,1.7227665977411,0,0.0484126427704803,6,0,0,0.717018992308929,0.333333333333333,not-merged
develop#v#14,develop#v#03,2.23359222150709,5,0.0828384728329079,179,0.33965423671478,3.10458504305083,0.665618779044915,0.666666666666667,not-merged
develop#v#09,develop#v#03,1.7227665977411,0,0.0547020345722285,4,0,0,0.589275062552119,0.333333333333333,not-merged
turn_around#v#03,turn_around#v#02,1.25276296849537,0,0,14,0,0,0.555846674612793,0.222222222222222,not-merged
strike_out#v#03,strike_out#v#06,1.7227665977411,0,0,8,0,0,0.581810621821779,0.333333333333333,not-merged
grip#n#06,grip#n#04,0.80437281567017,0,0,11,0,0,0.514575666453084,0.2,not-merged
repel#v#03,repel#v#01,1.38629436111989,0,0.0520593576610959,17,0,0,0.744647256453465,0.25,not-merged
authority#n#01,authority#n#03,1.07263680226485,0,0.0536582083529278,36,0,0,0.668617721581226,0.25,not-merged
authority#n#01,authority#n#02,1.15267950993839,0,0.0524621515157553,40,0,0,0.769617489650366,0.266666666666667,not-merged
authority#n#01,authority#n#06,1.23969088692802,0,0.0479335906001519,12,0.0471522019824731,0.51618869190567,0.342512087878067,0.444444444444444,merged
authority#n#01,authority#n#07,0.747214401830221,0,0,11,0,0,0.471237693856184,0.19047619047619,not-merged
authority#n#03,authority#n#02,2.2512917986065,4,0.070913468174331,50,0.255405596454307,2.41853245650562,0.709500161821891,0.769230769230769,not-merged
authority#n#03,authority#n#06,1.07263680226485,0,0.0459306123838631,6,0,0,0.296566404970228,0.25,not-merged
authority#n#03,authority#n#07,0.998528830111127,0,0,17,0,1.43618938575883,0.410530378848943,0.380952380952381,not-merged
authority#n#02,authority#n#06,1.15267950993839,0,0.0450514272358146,6,0,0,0.501640162059904,0.266666666666667,not-merged
authority#n#02,authority#n#07,1.07263680226485,0,0,7,0,1.43618938575883,0.465603577450706,0.4,not-merged
authority#n#06,authority#n#07,0.747214401830221,0,0,5,0,0,0.268378019569335,0.19047619047619,not-merged
green#a#03,green#a#02,,0,,5,,,0.372715676658279,,not-merged
faithful#a#03,faithful#a#01,,0,,14,,,0.663385618140942,,merged
hit#v#08,hit#v#02,1.94591014905531,0,0.0724452952157042,10,0,0,0.425212497088177,0.4,not-merged
hit#v#08,hit#v#03,1.7227665977411,0,0.069447859481641,9,0,0,0.455528852333299,0.333333333333333,not-merged
hit#v#02,hit#v#03,1.54044504094715,0,0.0813215676420664,13,0,0,0.637231260866042,0.285714285714286,not-merged
green#s#01,green#s#04,,,,,,,,,not-merged
see#v#01,see#v#11,1.54044504094715,0,0.0694049113748043,25,0,0,0.407436783371222,0.285714285714286,not-merged
see#v#01,see#v#12,1.54044504094715,0,0.0690214724524373,26,0,0,0.423806132178007,0.285714285714286,not-merged
see#v#01,see#v#18,0.934309237376833,0,0.0589165773878384,9,0,0,0.641951092137301,0.166666666666667,not-merged
see#v#01,see#v#05,1.38629436111989,0,0.0942801980426389,38,0,0,0.85710967418902,0.25,not-merged
see#v#11,see#v#12,2.23359222150709,5,0.238090157743381,51,0.771467151622746,7.08920227044876,0.589352411231145,0.75,merged
see#v#11,see#v#18,0.847297860387204,0,0.0479308243707073,10,0,0,0.516284696032292,0.153846153846154,not-merged
see#v#11,see#v#05,1.25276296849537,0,0.0689801202744552,15,0,0,0.414264670765354,0.222222222222222,not-merged
see#v#12,see#v#18,0.847297860387204,0,0.0477476399311276,5,0,0,0.470382552442046,0.153846153846154,not-merged
see#v#12,see#v#05,1.25276296849537,0,0.0686013478382355,15,0,0,0.450371091284577,0.222222222222222,not-merged
see#v#18,see#v#05,0.767255152713667,0,0.0586101892890119,8,0,0,0.666000843166388,0.142857142857143,not-merged
feeling#n#01,feeling#n#04,1.23969088692802,0,0.0685594549125983,33,0.0661006757219677,0.51618869190567,0.614932723483024,0.444444444444444,merged
cool#s#05,cool#s#06,,,,,,,,,not-merged
cool#s#05,cool#s#02,,,,,,,,,not-merged
cool#s#06,cool#s#02,,,,,,,,,merged
mouth#n#02,mouth#n#01,2.2512917986065,16,0.541084607646273,607,0.899612151759364,8.28092769077719,0.62529823753146,0.857142857142857,merged
mouth#n#02,mouth#n#03,1.07263680226485,0,0.0504777127950103,39,0.0840611480881372,0.909073864437029,0.434964218162739,0.333333333333333,not-merged
mouth#n#02,mouth#n#05,0.998528830111127,0,0.0487712796426982,12,0.0814508667373699,0.909073864437029,0.45549045391397,0.315789473684211,not-merged
mouth#n#02,mouth#n#08,1.07263680226485,0,0,49,0,0.909073864437029,0.593063551543291,0.333333333333333,not-merged
mouth#n#02,mouth#n#04,1.23969088692802,0,0.0504777127950103,39,0.0840611480881372,0.909073864437029,0.331494744094571,0.375,not-merged
mouth#n#01,mouth#n#03,0.998528830111127,0,0.0537439356375495,26,0.0890162443233264,0.909073864437029,0.467994396992141,0.315789473684211,not-merged
mouth#n#01,mouth#n#05,0.929535958624176,0,0.0518137462592177,14,0.0860945080711807,0.909073864437029,0.529247946172588,0.3,not-merged
mouth#n#01,mouth#n#08,0.998528830111127,0,0,47,0,0.909073864437029,0.655347130743238,0.315789473684211,not-merged
mouth#n#01,mouth#n#04,1.15267950993839,0,0.0537439356375495,26,0.0890162443233264,0.909073864437029,0.41167984969824,0.352941176470588,not-merged
mouth#n#03,mouth#n#05,1.15267950993839,0,0.0465884610798115,9,0.118025560698906,1.43618938575883,0.327029820980219,0.421052631578947,not-merged
mouth#n#03,mouth#n#08,1.44036158239017,0,0,31,0,1.43618938575883,0.662255717557221,0.5,merged
mouth#n#03,mouth#n#04,1.69167601067107,0,0.0481431308573021,38,0.121485629490375,1.43618938575883,0.350215429290203,0.571428571428571,not-merged
mouth#n#05,mouth#n#08,1.15267950993839,0,0,8,0,1.43618938575883,0.448771303771348,0.421052631578947,not-merged
mouth#n#05,mouth#n#04,1.33500106673234,0,0.0465884610798115,6,0.118025560698906,1.43618938575883,0.254734353428269,0.470588235294118,not-merged
mouth#n#08,mouth#n#04,1.69167601067107,0,0,16,0,1.43618938575883,0.51440926989396,0.571428571428571,not-merged
carry#v#18,carry#v#38,1.7227665977411,0,0,7,0,0,0.659695701417111,0.333333333333333,not-merged
carry#v#18,carry#v#15,0.934309237376833,0,0,14,0,0,0.460175771812373,0.166666666666667,not-merged
carry#v#18,carry#v#04,1.38629436111989,0,0,25,0,0,0.477382270655455,0.25,not-merged
carry#v#18,carry#v#23,1.38629436111989,0,0,8,0,0,0.718352558540681,0.25,not-merged
carry#v#18,carry#v#21,1.7227665977411,0,0,19,0,0,0.690373704344038,0.333333333333333,not-merged
carry#v#18,carry#v#05,1.7227665977411,0,0,11,0,0,0.694651158282921,0.333333333333333,not-merged
carry#v#18,carry#v#02,2.23359222150709,5,0,38,0,5.26212612929581,0.733272748455854,0.666666666666667,not-merged
carry#v#18,carry#v#32,1.54044504094715,0,0,4,0,0,0.375419970692476,0.285714285714286,not-merged
carry#v#18,carry#v#10,1.54044504094715,0,0,33,0,0,0.766729802629432,0.285714285714286,not-merged
carry#v#18,carry#v#12,1.13497993283898,0,0,10,0,0,0.678278179722585,0.2,not-merged
carry#v#18,carry#v#20,1.54044504094715,0,0,4,0,0,0.438227625186355,0.285714285714286,not-merged
carry#v#38,carry#v#15,0.934309237376833,0,0,8,0,0,0.528990238635329,0.166666666666667,not-merged
carry#v#38,carry#v#04,1.38629436111989,0,0,6,0,0,0.630123572231657,0.25,not-merged
carry#v#38,carry#v#23,1.38629436111989,0,0,4,0,0,0.761425384889334,0.25,not-merged
carry#v#38,carry#v#21,1.7227665977411,0,0,11,0,0,0.676436003523536,0.333333333333333,not-merged
carry#v#38,carry#v#05,1.7227665977411,0,0,15,0,0,0.880903836934419,0.333333333333333,not-merged
carry#v#38,carry#v#02,1.7227665977411,0,0,4,0,0,0.68255771743109,0.333333333333333,not-merged
carry#v#38,carry#v#32,1.54044504094715,0,0,3,0,0,0.482345501357706,0.285714285714286,not-merged
carry#v#38,carry#v#10,1.54044504094715,0,0,8,0,0,0.882611593218602,0.285714285714286,not-merged
carry#v#38,carry#v#12,1.13497993283898,0,0,3,0,0,0.786878802682943,0.2,not-merged
carry#v#38,carry#v#20,1.54044504094715,0,0,5,0,0,0.551858501143354,0.285714285714286,not-merged
carry#v#15,carry#v#04,1.38629436111989,0,0.0814653933632478,10,0.32331341326132,2.93246609789686,0.416540541739805,0.571428571428571,not-merged
carry#v#15,carry#v#23,0.767255152713667,0,0.0517223394064171,6,0,0,0.502912059889473,0.142857142857143,not-merged
carry#v#15,carry#v#21,0.934309237376833,0,0,7,0,0,0.439708723812231,0.166666666666667,not-merged
carry#v#15,carry#v#05,0.934309237376833,0,0.0486902839246359,14,0,0,0.532006127186037,0.166666666666667,not-merged
carry#v#15,carry#v#02,0.934309237376833,0,0.0534983887906121,5,0,0,0.475505601844761,0.166666666666667,not-merged
carry#v#15,carry#v#32,0.847297860387204,0,0,9,0,0,0.349073959734118,0.153846153846154,not-merged
carry#v#15,carry#v#10,0.847297860387204,0,0.0462180023621483,8,0,0,0.542047584161691,0.153846153846154,not-merged
carry#v#15,carry#v#12,0.624154309072994,0,0.0462180023621483,9,0,0,0.564028280703449,0.125,not-merged
carry#v#15,carry#v#20,0.847297860387204,0,0,6,0,0,0.373854092629494,0.153846153846154,not-merged
carry#v#04,carry#v#23,1.13497993283898,1,0.0615651215021016,8,0,0,0.543586561837143,0.2,not-merged
carry#v#04,carry#v#21,1.38629436111989,0,0,16,0,0,0.504226427404397,0.25,not-merged
carry#v#04,carry#v#05,1.38629436111989,0,0.0573166544836185,11,0,0,0.612465990405948,0.25,not-merged
carry#v#04,carry#v#02,1.38629436111989,0,0.0640980062999566,12,0,0,0.513556243120536,0.25,not-merged
carry#v#04,carry#v#32,1.25276296849537,0,0,4,0,0,0.390631794488122,0.222222222222222,not-merged
carry#v#04,carry#v#10,1.25276296849537,0,0.0539212961944165,17,0,0,0.598714180170088,0.222222222222222,not-merged
carry#v#04,carry#v#12,0.934309237376833,0,0.0539212961944165,10,0,0,0.61955194216043,0.166666666666667,not-merged
carry#v#04,carry#v#20,1.25276296849537,0,0,3,0,0,0.434728888521006,0.222222222222222,not-merged
carry#v#23,carry#v#21,1.38629436111989,0,0,10,0,0,0.735029326404363,0.25,not-merged
carry#v#23,carry#v#05,1.38629436111989,0,0.0536455981381099,9,0,0,0.818760422459578,0.25,not-merged
carry#v#23,carry#v#02,1.38629436111989,0,0.0595414177137001,6,0,0,0.780577949775373,0.25,not-merged
carry#v#23,carry#v#32,1.25276296849537,0,0,4,0,0,0.438169835133879,0.222222222222222,not-merged
carry#v#23,carry#v#10,1.25276296849537,0,0.0506599196362232,6,0,0,0.856199472056152,0.222222222222222,not-merged
carry#v#23,carry#v#12,0.934309237376833,0,0.0506599196362232,2,0,0,0.713554362835776,0.166666666666667,not-merged
carry#v#23,carry#v#20,1.25276296849537,0,0,6,0,0,0.515916362068937,0.222222222222222,not-merged
carry#v#21,carry#v#05,1.7227665977411,0,0,13,0,0,0.712032025423842,0.333333333333333,not-merged
carry#v#21,carry#v#02,1.7227665977411,0,0,11,0,0,0.725982126076404,0.333333333333333,not-merged
carry#v#21,carry#v#32,1.54044504094715,0,0,9,0,0,0.399276703548445,0.285714285714286,not-merged
carry#v#21,carry#v#10,1.54044504094715,0,0,14,0,0,0.772805803340077,0.285714285714286,not-merged
carry#v#21,carry#v#12,1.13497993283898,0,0,5,0,0,0.627651482368941,0.2,not-merged
carry#v#21,carry#v#20,1.94591014905531,4,0,3,0,3.86993436559122,0.507964682850878,0.571428571428571,not-merged
carry#v#05,carry#v#02,1.7227665977411,0,0.055558628137481,6,0,0,0.726057280543274,0.333333333333333,not-merged
carry#v#05,carry#v#32,1.54044504094715,0,0,8,0,0,0.481960510174299,0.285714285714286,not-merged
carry#v#05,carry#v#10,1.54044504094715,0,0.0477476399311276,9,0,0,0.893011085697359,0.285714285714286,not-merged
carry#v#05,carry#v#12,1.13497993283898,0,0.0477476399311276,11,0,0,0.787734431576371,0.2,not-merged
carry#v#05,carry#v#20,1.54044504094715,0,0,9,0,0,0.562249462756088,0.285714285714286,not-merged
carry#v#02,carry#v#32,1.54044504094715,0,0,3,0,0,0.399925337370616,0.285714285714286,not-merged
carry#v#02,carry#v#10,1.54044504094715,0,0.0523625543987666,14,0,0,0.798948146000069,0.285714285714286,not-merged
carry#v#02,carry#v#12,1.13497993283898,0,0.0523625543987666,8,0,0,0.672058147949039,0.2,not-merged
carry#v#02,carry#v#20,1.54044504094715,0,0,4,0,0,0.564686207212475,0.285714285714286,not-merged
carry#v#32,carry#v#10,1.38629436111989,0,0,4,0,0,0.453141478532401,0.25,not-merged
carry#v#32,carry#v#12,1.02961941718116,0,0,1,0,0,0.453652327519701,0.181818181818182,not-merged
carry#v#32,carry#v#20,1.38629436111989,0,0,4,0,0,0.33972950048583,0.25,not-merged
carry#v#10,carry#v#12,1.02961941718116,0,0.0453678190811988,4,0,0,0.77904454268101,0.181818181818182,not-merged
carry#v#10,carry#v#20,1.38629436111989,0,0,3,0,0,0.561977387232341,0.25,not-merged
carry#v#12,carry#v#20,1.02961941718116,0,0,3,0,0,0.521337529630305,0.181818181818182,merged
survive#v#01,survive#v#02,1.94591014905531,0,0.0605487875190547,5,0,0,0.556093208430716,0.4,not-merged
mail#n#02,mail#n#04,1.44036158239017,0,0,31,0,0.51618869190567,0.613715624822505,0.5,not-merged
meet#v#06,meet#v#01,1.7227665977411,0,0.0656930414653742,2,0,0,0.338300082401846,0.333333333333333,not-merged
nation#n#03,nation#n#02,1.33500106673234,0,0.0727669104897296,20,0.257246351022865,2.37980020271684,0.423837821951133,0.526315789473684,not-merged
colorless#a#02,colorless#a#01,,0,,16,,,0.539590813079368,,merged
watch#v#02,watch#v#03,1.54044504094715,0,0.0676366812413478,25,0,0,0.800854157232149,0.285714285714286,not-merged
replace#v#01,replace#v#04,1.25276296849537,0,0.058970780617605,19,0,0,0.673134880749982,0.222222222222222,not-merged
church#n#02,church#n#01,0.80437281567017,0,0.0608697037058692,102,0,0,0.73541249496579,0.2,merged
visit#v#03,visit#v#01,1.38629436111989,0,0.0661616420612629,23,0,0,0.382915561440266,0.25,not-merged
channel#n#05,channel#n#04,1.15267950993839,0,0.043796559384888,63,0,0,0.833438455526641,0.266666666666667,not-merged
channel#n#05,channel#n#07,0.864997437486605,0,0,13,0,0,0.72758816752321,0.210526315789474,not-merged
channel#n#05,channel#n#01,2.2512917986065,4,0.103457707504889,14,0.57127007898869,6.43968816428576,0.61396855295135,0.842105263157895,not-merged
channel#n#04,channel#n#07,1.23969088692802,0,0,20,0,0.909073864437029,0.718361874553099,0.375,not-merged
channel#n#04,channel#n#01,1.07263680226485,0,0.0443554147665822,13,0,0,0.522199089023992,0.25,not-merged
channel#n#07,channel#n#01,0.80437281567017,0,0,8,0,0,0.512935298340104,0.2,not-merged
hearth#n#02,hearth#n#03,1.23969088692802,0,0.0451310591124119,17,0.11475712837362,1.43618938575883,0.559506659107061,0.444444444444444,not-merged
continue#v#03,continue#v#01,1.7227665977411,0,0.0778626373591067,73,0,0,0.753363093717757,0.333333333333333,not-merged
withdraw#v#10,withdraw#v#01,1.7227665977411,0,0.0568952888749501,25,0,0,0.52780540070006,0.333333333333333,not-merged
keep#v#08,keep#v#01,1.38629436111989,0,0.0655605119493526,21,0,0,0.600406201672537,0.25,not-merged
keep#v#08,keep#v#18,1.54044504094715,2,0,6,0,5.12250135172438,0.328354383584798,0.545454545454545,not-merged
keep#v#08,keep#v#20,1.54044504094715,2,0,13,0,3.86993436559122,0.512009568930924,0.444444444444444,not-merged
keep#v#08,keep#v#07,1.54044504094715,2,0.0978028623047265,5,0.430841983905601,3.86993436559122,0.58862685650934,0.444444444444444,not-merged
keep#v#08,keep#v#19,1.54044504094715,2,0,10,0,3.86993436559122,0.484444810722425,0.444444444444444,not-merged
keep#v#08,keep#v#21,1.25276296849537,0,0,2,0,0,0.30238997180972,0.222222222222222,not-merged
keep#v#08,keep#v#03,1.94591014905531,5,0.192108956667506,9,0.663090573045783,5.12250135172438,0.566166885172145,0.666666666666667,not-merged
keep#v#01,keep#v#18,1.54044504094715,0,0,18,0,0,0.505079798549235,0.285714285714286,not-merged
keep#v#01,keep#v#20,1.94591014905531,0,0,32,0,0,0.711278095676391,0.4,not-merged
keep#v#01,keep#v#07,1.94591014905531,0,0.0796061661301789,38,0,0,0.825291116965659,0.4,not-merged
keep#v#01,keep#v#19,1.94591014905531,0,0,36,0,0,0.659371963861739,0.4,not-merged
keep#v#01,keep#v#21,1.94591014905531,0,0,13,0,0,0.440920486261237,0.4,not-merged
keep#v#01,keep#v#03,1.94591014905531,0,0.0995252180082381,83,0,0,0.840179318466156,0.4,not-merged
keep#v#18,keep#v#20,1.7227665977411,3,0,9,0,3.86993436559122,0.34913000677139,0.5,not-merged
keep#v#18,keep#v#07,1.7227665977411,3,0,7,0,3.86993436559122,0.482015133523825,0.5,not-merged
keep#v#18,keep#v#19,1.7227665977411,3,0,8,0,3.86993436559122,0.332317036042462,0.5,not-merged
keep#v#18,keep#v#21,1.38629436111989,0,0,3,0,0,0.279785631011417,0.25,not-merged
keep#v#18,keep#v#03,2.23359222150709,6,0,94,0,5.12250135172438,0.636952587111488,0.75,not-merged
keep#v#20,keep#v#07,2.23359222150709,5,0,130,0,3.86993436559122,0.810988039743632,0.666666666666667,not-merged
keep#v#20,keep#v#19,2.23359222150709,5,0,141,0,3.86993436559122,0.837956818035092,0.666666666666667,not-merged
keep#v#20,keep#v#21,1.7227665977411,0,0,3,0,0,0.293662126048481,0.333333333333333,not-merged
keep#v#20,keep#v#03,2.23359222150709,5,0,142,0,3.86993436559122,0.798589781091582,0.666666666666667,not-merged
keep#v#07,keep#v#19,2.23359222150709,5,0,133,0,3.86993436559122,0.808093677790938,0.666666666666667,not-merged
keep#v#07,keep#v#21,1.7227665977411,0,0,6,0,0,0.352625066177146,0.333333333333333,not-merged
keep#v#07,keep#v#03,2.23359222150709,5,0.199232148923265,150,0.606613717140891,3.86993436559122,0.898219539533065,0.666666666666667,not-merged
keep#v#19,keep#v#21,1.7227665977411,0,0,3,0,0,0.27519402709858,0.333333333333333,not-merged
keep#v#19,keep#v#03,2.23359222150709,5,0,138,0,3.86993436559122,0.742972790138275,0.666666666666667,not-merged
keep#v#21,keep#v#03,1.7227665977411,0,0,10,0,0,0.392214521054999,0.333333333333333,not-merged
wash#v#03,wash#v#09,1.54044504094715,3,0,33,0,0,0.690464344462343,0.285714285714286,not-merged
wash#v#03,wash#v#02,1.25276296849537,0,0.0792357634737993,47,0.329520107155136,3.10130814224851,0.578627302493672,0.363636363636364,not-merged
wash#v#03,wash#v#10,1.54044504094715,2,0,8,0,3.10130814224851,0.437590136458369,0.444444444444444,not-merged
wash#v#03,wash#v#04,1.54044504094715,0,0.0489413547100076,20,0,0,0.608251607578152,0.285714285714286,not-merged
wash#v#03,wash#v#06,1.25276296849537,0,0,10,0,0,0.832715525139132,0.222222222222222,not-merged
wash#v#03,wash#v#01,1.02961941718116,0,0.0544864812939245,21,0,0,0.456027122893963,0.181818181818182,not-merged
wash#v#09,wash#v#02,1.13497993283898,0,0,15,0,0,0.519110461885408,0.2,not-merged
wash#v#09,wash#v#10,1.38629436111989,0,0,11,0,0,0.422696995042488,0.25,not-merged
wash#v#09,wash#v#04,1.7227665977411,0,0,21,0,0,0.450472124952277,0.333333333333333,not-merged
wash#v#09,wash#v#06,1.38629436111989,0,0,8,0,0,0.543761297162951,0.25,not-merged
wash#v#09,wash#v#01,1.13497993283898,0,0,5,0,0,0.517005487299445,0.2,not-merged
wash#v#02,wash#v#10,1.13497993283898,0,0,3,0,3.10130814224851,0.318127341074466,0.333333333333333,not-merged
wash#v#02,wash#v#04,1.13497993283898,0,0.0489413547100076,9,0,0,0.358311710873074,0.2,not-merged
wash#v#02,wash#v#06,0.934309237376833,0,0,3,0,0,0.513876182374075,0.166666666666667,not-merged
wash#v#02,wash#v#01,0.767255152713667,0,0.0544864812939245,13,0,0,0.233118229695899,0.142857142857143,merged
wash#v#10,wash#v#04,1.38629436111989,0,0,8,0,0,0.37960501658849,0.25,not-merged
wash#v#10,wash#v#06,1.13497993283898,0,0,3,0,0,0.366011799720095,0.2,not-merged
wash#v#10,wash#v#01,0.934309237376833,0,0,1,0,0,0.176468274271724,0.166666666666667,not-merged
wash#v#04,wash#v#06,1.38629436111989,0,0,6,0,0,0.503020190171589,0.25,not-merged
wash#v#04,wash#v#01,1.38629436111989,0,0.0721718802584583,6,0.305911953550469,3.05340116383927,0.217766493517503,0.4,not-merged
wash#v#06,wash#v#01,0.934309237376833,0,0,5,0,0,0.291327285975813,0.166666666666667,not-merged
turn_on#v#03,turn_on#v#04,1.38629436111989,0,0.042683329933691,7,0,0,0.227722219620626,0.25,not-merged
collaborate#v#01,collaborate#v#02,2.63905732961526,16,0,89,0,8.13065614527692,0.842925628611615,0.857142857142857,not-merged
determine#v#08,determine#v#01,2.23359222150709,0,0.0692525373559944,24,0,0,0.531092898996053,0.5,not-merged
drift#v#09,drift#v#04,1.54044504094715,0,0,15,0,0,0.886816250000743,0.285714285714286,not-merged
drift#v#09,drift#v#06,1.54044504094715,0,0,3,0,0,0.245890935011486,0.285714285714286,not-merged
drift#v#04,drift#v#06,1.38629436111989,0,0,3,0,0,0.32581655215556,0.25,not-merged
train#v#01,train#v#02,1.13497993283898,0,0.0563111598321193,18,0,0,0.525527977023588,0.2,not-merged
train#v#01,train#v#09,0.934309237376833,0,0,20,0,0,0.313982500809823,0.166666666666667,not-merged
train#v#01,train#v#08,1.13497993283898,0,0.04984782869222,15,0,0,0.278947490573745,0.2,not-merged
train#v#02,train#v#09,1.38629436111989,0,0,23,0,0,0.52441201893534,0.25,not-merged
train#v#02,train#v#08,1.7227665977411,0,0.0473355637760254,19,0,0,0.526391684492374,0.333333333333333,not-merged
train#v#09,train#v#08,1.38629436111989,0,0,7,0,0,0.276503231977418,0.25,not-merged
natural#s#06,natural#s#08,,,,,,,,,not-merged
natural#s#06,natural#s#04,,,,,,,,,merged
natural#s#06,natural#s#09,,,,,,,,,not-merged
natural#s#06,natural#s#07,,,,,,,,,merged
natural#s#08,natural#s#04,,,,,,,,,not-merged
natural#s#08,natural#s#09,,,,,,,,,not-merged
natural#s#08,natural#s#07,,,,,,,,,not-merged
natural#s#04,natural#s#09,,,,,,,,,not-merged
natural#s#04,natural#s#07,,,,,,,,,merged
natural#s#09,natural#s#07,,,,,,,,,not-merged
keep_up#v#01,keep_up#v#04,2.23359222150709,0,0.0493819933966612,3,0,0,0.243550657282535,0.5,merged
day#n#01,day#n#02,1.69167601067107,3,0.156437289511408,45,0.45976418895837,2.72007884966178,0.735622447115055,0.625,not-merged
day#n#01,day#n#06,1.69167601067107,3,0.108481389135629,18,0.371130829105633,2.72007884966178,0.428420344502941,0.625,not-merged
day#n#01,day#n#05,1.69167601067107,3,0.111975951522192,40,0.378560396370275,2.72007884966178,0.708113612977846,0.625,merged
day#n#01,day#n#04,1.69167601067107,3,0.13527628740246,113,0.423938025982202,2.72007884966178,0.753667213976633,0.625,not-merged
day#n#01,day#n#03,1.84582669049833,16,0.140385844312563,347,0.43301694243917,2.72007884966178,0.850868888935665,0.666666666666667,merged
day#n#02,day#n#06,2.02814824729229,3,0.113397559061028,26,0.443560005772523,3.51479776120467,0.542098021637901,0.777777777777778,merged
day#n#02,day#n#05,2.02814824729229,3,0.117221614716683,25,0.451760559051444,3.51479776120467,0.796441810549511,0.777777777777778,not-merged
day#n#02,day#n#04,2.02814824729229,3,0.143007515355813,49,0.501317765216285,3.51479776120467,0.8140500408431,0.777777777777778,not-merged
day#n#02,day#n#03,2.2512917986065,4,0.148730151426302,42,0.511125035826876,3.51479776120467,0.703882714270674,0.823529411764706,not-merged
day#n#06,day#n#05,2.02814824729229,3,0.0880538787686361,15,0.38232834676979,3.51479776120467,0.42894574839451,0.777777777777778,not-merged
day#n#06,day#n#04,2.02814824729229,3,0.101848834059103,28,0.417234511176102,3.51479776120467,0.45699838581734,0.777777777777778,not-merged
day#n#06,day#n#03,2.2512917986065,4,0.10471840745443,17,0.424005619250019,3.51479776120467,0.442393004045237,0.823529411764706,not-merged
day#n#05,day#n#04,2.02814824729229,3,0.104923089354956,36,0.424482584231547,3.51479776120467,0.764915335664298,0.777777777777778,not-merged
day#n#05,day#n#03,2.2512917986065,4,0.107971102619125,42,0.43149296333695,3.51479776120467,0.734144532375658,0.823529411764706,merged
day#n#04,day#n#03,2.2512917986065,4,0.129474526275893,59,0.476481877643638,3.51479776120467,0.702430161192451,0.823529411764706,not-merged
fatigue#n#01,fatigue#n#03,1.33500106673234,0,0,32,0,3.10929152706578,0.48052471885038,0.571428571428571,merged
fatigue#n#01,fatigue#n#02,1.84582669049833,2,0,18,0,3.10929152706578,0.490758572075869,0.705882352941177,not-merged
fatigue#n#03,fatigue#n#02,1.23969088692802,0,0,10,0,3.10929152706578,0.527884571261119,0.545454545454545,not-merged
fit#a#03,fit#a#01,,0,,8,,,0.520631482589582,,merged
find#v#15,find#v#10,1.7227665977411,0,0,7,0,0,0.477236344286218,0.333333333333333,not-merged
find#v#15,find#v#13,1.7227665977411,0,0,5,0,0,0.65933338706227,0.333333333333333,not-merged
find#v#15,find#v#05,1.54044504094715,0,0,7,0,0,0.716456364706674,0.285714285714286,not-merged
find#v#15,find#v#01,1.94591014905531,0,0,3,0,0,0.454275655452791,0.4,not-merged
find#v#15,find#v#03,1.7227665977411,0,0,9,0,0,0.480565431330914,0.333333333333333,not-merged
find#v#10,find#v#05,1.54044504094715,0,0.0657667165990184,17,0,0,0.613513854148785,0.285714285714286,not-merged
find#v#10,find#v#01,1.94591014905531,0,0.0648760259392847,6,0,0,0.465762537667839,0.4,not-merged
find#v#10,find#v#03,2.23359222150709,5,0.134379898842614,98,0.524656322016916,4.10679365809324,0.740606498295317,0.666666666666667,not-merged
find#v#13,find#v#05,1.54044504094715,0,0.06370345338591,19,0,0,0.856524008278158,0.285714285714286,not-merged
find#v#13,find#v#01,1.94591014905531,0,0.0628674171649238,5,0,0,0.552888720400236,0.4,not-merged
find#v#13,find#v#03,1.7227665977411,0,0.0619285045157313,13,0,0,0.660419426083191,0.333333333333333,not-merged
find#v#05,find#v#01,1.7227665977411,0,0.0770910916511066,9,0,0,0.614681720287037,0.333333333333333,not-merged
find#v#05,find#v#03,1.54044504094715,0,0.0756840163314014,25,0,0,0.639566959071573,0.285714285714286,not-merged
find#v#01,find#v#03,1.94591014905531,0,0.0745068525607846,14,0,0,0.510577606262952,0.4,not-merged
begin#v#03,begin#v#06,1.94591014905531,0,0,13,0,0,0.68462538049869,0.4,not-merged
begin#v#03,begin#v#09,1.7227665977411,0,0,20,0,0,0.636947361383539,0.333333333333333,not-merged
begin#v#03,begin#v#05,2.23359222150709,0,0,19,0,0,0.803101881168582,0.5,not-merged
begin#v#03,begin#v#02,2.23359222150709,5,0.0705588901044769,24,0,0,0.681672368581425,0.5,not-merged
begin#v#03,begin#v#04,1.38629436111989,0,0.0606568157967524,9,0,0,0.611623206402831,0.25,not-merged
begin#v#03,get_down#v#07,2.23359222150709,6,0.0813348239678234,39,0,0,0.853021369361563,0.5,not-merged
begin#v#03,begin#v#07,1.94591014905531,0,0,16,0,0,0.733364222937857,0.4,not-merged
begin#v#06,begin#v#09,1.54044504094715,0,0,9,0,0,0.63233005189824,0.285714285714286,not-merged
begin#v#06,begin#v#05,1.94591014905531,0,0,10,0,0,0.66062134510961,0.4,merged
begin#v#06,begin#v#02,1.94591014905531,0,0,27,0,0,0.682534168500693,0.4,merged
begin#v#06,begin#v#04,1.25276296849537,0,0,2,0,0,0.562338715117695,0.222222222222222,not-merged
begin#v#06,get_down#v#07,1.94591014905531,0,0,17,0,0,0.685004420300714,0.4,not-merged
begin#v#06,begin#v#07,2.23359222150709,5,0,215,0,2.17611495227354,0.904316829582338,0.666666666666667,not-merged
begin#v#09,begin#v#05,1.7227665977411,0,0,12,0,0,0.643079248815384,0.333333333333333,not-merged
begin#v#09,begin#v#02,1.7227665977411,0,0,10,0,0,0.59531277654359,0.333333333333333,not-merged
begin#v#09,begin#v#04,1.13497993283898,0,0,9,0,0,0.513659821905957,0.2,not-merged
begin#v#09,get_down#v#07,1.7227665977411,0,0,24,0,0,0.64302726054098,0.333333333333333,not-merged
begin#v#09,begin#v#07,1.54044504094715,0,0,15,0,0,0.622311338615935,0.285714285714286,not-merged
begin#v#05,begin#v#02,2.23359222150709,0,0,22,0,0,0.724943696011774,0.5,merged
begin#v#05,begin#v#04,1.38629436111989,0,0,3,0,0,0.6098996688233,0.25,not-merged
begin#v#05,get_down#v#07,2.23359222150709,0,0,28,0,0,0.848599567998478,0.5,not-merged
begin#v#05,begin#v#07,1.94591014905531,0,0,29,0,0,0.6857495894015,0.4,not-merged
begin#v#02,begin#v#04,1.38629436111989,0,0.0598076606555962,6,0,0,0.512967638392158,0.25,not-merged
begin#v#02,get_down#v#07,2.23359222150709,0,0.0798152802697574,37,0,0,0.757879520451233,0.5,not-merged
begin#v#02,begin#v#07,1.94591014905531,0,0,25,0,0,0.67626147428966,0.4,not-merged
begin#v#04,get_down#v#07,1.38629436111989,0,0.0673738033107932,9,0,0,0.632772861109204,0.25,not-merged
begin#v#04,begin#v#07,1.25276296849537,0,0,3,0,0,0.575974660656609,0.222222222222222,not-merged
get_down#v#07,begin#v#07,1.94591014905531,0,0,19,0,0,0.706275921733289,0.4,not-merged
leave#v#02,leave#v#04,1.94591014905531,0,0.0637371930538475,14,0,0,0.449785683248123,0.4,not-merged
leave#v#02,leave#v#08,1.94591014905531,0,0.0660946805599728,33,0,0,0.545265079346555,0.4,not-merged
leave#v#02,leave#v#06,1.38629436111989,0,0.0641533780369718,12,0,0,0.419695110618971,0.25,not-merged
leave#v#02,leave#v#07,1.7227665977411,0,0.0735234870640967,15,0,0,0.374236686811001,0.333333333333333,not-merged
leave#v#02,leave#v#11,1.94591014905531,0,0.0574310197201405,7,0,0,0.412409116067011,0.4,not-merged
leave#v#02,leave#v#03,1.7227665977411,0,0.0667620043561311,7,0,0,0.480140810456674,0.333333333333333,not-merged
leave#v#02,leave#v#01,2.23359222150709,0,0.0771871589525369,23,0,0,0.488109603131976,0.5,not-merged
leave#v#04,leave#v#08,1.7227665977411,0,0.0617119181350842,17,0,0,0.735389923304095,0.333333333333333,not-merged
leave#v#04,leave#v#06,1.25276296849537,0,0.0600162339610695,10,0,0,0.862536206724138,0.222222222222222,not-merged
leave#v#04,leave#v#07,1.54044504094715,0,0.0681402650494555,9,0,0,0.696289799922383,0.285714285714286,not-merged
leave#v#04,leave#v#11,1.7227665977411,0,0.0540929198319919,6,0,0,0.597188162345807,0.333333333333333,not-merged
leave#v#04,leave#v#03,1.54044504094715,0,0.0622932860007851,8,0,0,0.859781743363531,0.285714285714286,not-merged
leave#v#04,leave#v#01,1.94591014905531,0,0.0712756466410867,13,0,0,0.77919015843932,0.4,not-merged
leave#v#08,leave#v#06,1.25276296849537,0,0.0621019935057601,15,0,0,0.711455971923927,0.222222222222222,not-merged
leave#v#08,leave#v#07,1.54044504094715,0,0.0708416239311165,20,0,0,0.652560545479008,0.285714285714286,not-merged
leave#v#08,leave#v#11,1.7227665977411,0,0.0557814955377588,11,0,0,0.601378676926995,0.333333333333333,not-merged
leave#v#08,leave#v#03,1.54044504094715,0,0.0645432846760337,15,0,0,0.813396286879483,0.285714285714286,not-merged
leave#v#08,leave#v#01,1.94591014905531,0,0.074236725203385,23,0,0,0.687864273122467,0.4,not-merged
leave#v#06,leave#v#07,1.13497993283898,0,0.0686161523581981,17,0,0,0.714266237277817,0.2,not-merged
leave#v#06,leave#v#11,1.25276296849537,0,0.0543923892673284,7,0,0,0.668107649554397,0.222222222222222,not-merged
leave#v#06,leave#v#03,1.13497993283898,0,0.0626907692051606,10,0,0,0.828264425142704,0.2,not-merged
leave#v#06,leave#v#01,1.38629436111989,0,0.0717965035194268,16,0,0,0.784547753984841,0.25,not-merged
leave#v#07,leave#v#11,1.54044504094715,0,0.0609816437567787,17,0,0,0.673916413627411,0.285714285714286,not-merged
leave#v#07,leave#v#03,1.38629436111989,0,0.0716088010606664,15,0,0,0.685602701452904,0.25,not-merged
leave#v#07,leave#v#01,1.7227665977411,0,0.0837401213629451,12,0,0,0.673316755278168,0.333333333333333,not-merged
leave#v#11,leave#v#03,1.54044504094715,0,0.0562560654991746,7,0,0,0.598679333704538,0.285714285714286,not-merged
leave#v#11,leave#v#01,1.94591014905531,0,0.0634807612365539,7,0,0,0.676016507100594,0.4,not-merged
leave#v#03,leave#v#01,1.7227665977411,0,0.0750796361656339,12,0,0,0.754055650723954,0.333333333333333,not-merged
see_through#v#01,see_through#v#02,1.38629436111989,0,0,7,0,0,0.2977933053277,0.25,not-merged
call#v#03,call#v#19,1.13497993283898,0,0.0610144259951874,8,0,0,0.439505987264059,0.2,not-merged
call#v#03,call#v#13,1.13497993283898,0,0.0666521264388202,17,0,0,0.246230263918016,0.2,not-merged
call#v#03,call#v#04,0.767255152713667,0,0.0841060085350711,39,0,0,0.405946394622299,0.142857142857143,not-merged
call#v#03,call#v#02,1.13497993283898,0,0.0935676698701506,17,0,0,0.276616623252175,0.2,not-merged
call#v#03,call#v#07,1.02961941718116,0,0.0754485088850367,13,0,0,0.2472976998797,0.181818181818182,not-merged
call#v#03,call#v#25,0.847297860387204,0,0,4,0,0,0.402875556885073,0.153846153846154,not-merged
call#v#03,call#v#09,0.847297860387204,0,0.0747991172098232,14,0,0,0.375540755203087,0.153846153846154,not-merged
call#v#03,call#v#16,1.54044504094715,0,0.062562165216218,12,0,0,0.336774901285186,0.285714285714286,not-merged
call#v#03,call#v#15,1.54044504094715,0,0.0646275557184773,7,0,0,0.326513834961837,0.285714285714286,not-merged
call#v#19,call#v#13,0.934309237376833,0,0.0484126427704803,5,0,0,0.482097280863406,0.166666666666667,not-merged
call#v#19,call#v#04,0.624154309072994,0,0.0570052427862646,13,0,0,0.708946866353002,0.125,not-merged
call#v#19,call#v#02,0.934309237376833,0,0.0611997299259597,8,0,0,0.592364457136058,0.166666666666667,not-merged
call#v#19,call#v#07,0.847297860387204,0,0.0528916902852848,6,0,0,0.453582022225984,0.153846153846154,not-merged
call#v#19,call#v#25,0.693147180559945,0,0,4,0,0,0.868166215054164,0.133333333333333,not-merged
call#v#19,call#v#09,0.693147180559945,0,0.0525717276397134,3,0,0,0.894452786236422,0.133333333333333,not-merged
call#v#19,call#v#16,1.25276296849537,0,0.0462180023621483,2,0,0,0.636576050794645,0.222222222222222,not-merged
call#v#19,call#v#15,1.25276296849537,0,0.0473355637760254,2,0,0,0.694395504844324,0.222222222222222,not-merged
call#v#13,call#v#04,0.624154309072994,0,0.0618966937963911,27,0,0,0.489943450279799,0.125,not-merged
call#v#13,call#v#02,2.23359222150709,5,0.229422971904772,121,0.708515159066965,5.29744280122071,0.571100850305637,0.833333333333333,not-merged
call#v#13,call#v#07,0.847297860387204,0,0.0570767549896622,11,0,0,0.29333636579428,0.153846153846154,not-merged
call#v#13,call#v#25,0.693147180559945,0,0,4,0,0,0.486373263626679,0.133333333333333,not-merged
call#v#13,call#v#09,0.693147180559945,0,0.0567043331807022,9,0,0,0.513192714482311,0.133333333333333,not-merged
call#v#13,call#v#16,1.25276296849537,0,0.0493819933966612,6,0,0,0.377594726388573,0.222222222222222,not-merged
call#v#13,call#v#15,1.25276296849537,0,0.0506599196362232,5,0,0,0.412683473099655,0.222222222222222,not-merged
call#v#04,call#v#02,0.624154309072994,0,0.0844585198694083,31,0,0,0.506514691905604,0.125,merged
call#v#04,call#v#07,1.54044504094715,2,0.173021069991375,35,0.598824013946916,4.3135545063619,0.417818025557469,0.705882352941177,not-merged
call#v#04,call#v#25,1.25276296849537,0,0,9,0,4.3135545063619,0.669781052507414,0.631578947368421,not-merged
call#v#04,call#v#09,1.94591014905531,4,0.278585922152333,34,0.752816346540962,5.4661322092246,0.744293936170745,0.842105263157895,not-merged
call#v#04,call#v#16,0.847297860387204,0,0.0583540163331416,10,0,0,0.509716947231925,0.153846153846154,not-merged
call#v#04,call#v#15,0.847297860387204,0,0.0601469194215982,8,0,0,0.547081254099921,0.153846153846154,not-merged
call#v#02,call#v#07,0.847297860387204,0,0.0757320610934211,15,0,0,0.345638220132629,0.153846153846154,not-merged
call#v#02,call#v#25,0.693147180559945,0,0,5,0,0,0.611270893811051,0.133333333333333,not-merged
call#v#02,call#v#09,0.693147180559945,0,0.0750778002941263,8,0,0,0.584421563577978,0.133333333333333,not-merged
call#v#02,call#v#16,1.25276296849537,0,0.0627570045218435,6,0,0,0.435545056462205,0.222222222222222,not-merged
call#v#02,call#v#15,1.25276296849537,0,0.0648354933759839,6,0,0,0.488533443255396,0.222222222222222,not-merged
call#v#07,call#v#25,1.7227665977411,3,0,9,0,4.3135545063619,0.462535986217924,0.75,not-merged
call#v#07,call#v#09,1.7227665977411,3,0.137759496518277,12,0.54305896854101,4.3135545063619,0.467026693119406,0.75,not-merged
call#v#07,call#v#16,1.13497993283898,0,0.0540508504972244,8,0,0,0.406716091479103,0.2,not-merged
call#v#07,call#v#15,1.13497993283898,0,0.0555856000091927,10,0,0,0.410768504927739,0.2,not-merged
call#v#25,call#v#09,1.38629436111989,0,0,5,0,4.3135545063619,0.84083590609606,0.666666666666667,not-merged
call#v#25,call#v#16,0.934309237376833,0,0,3,0,0,0.664346546514294,0.166666666666667,not-merged
call#v#25,call#v#15,0.934309237376833,0,0,2,0,0,0.655032224678112,0.166666666666667,not-merged
call#v#09,call#v#16,0.934309237376833,0,0.0537167540348383,6,0,0,0.60045192640721,0.166666666666667,not-merged
call#v#09,call#v#15,0.934309237376833,0,0.0552323231487631,5,0,0,0.663746376133901,0.166666666666667,not-merged
call#v#16,call#v#15,2.23359222150709,5,0.10966167846589,55,0.55990232646354,5.80067207809476,0.821587637169348,0.666666666666667,not-merged
law#n#04,law#n#03,2.53897387105828,5,0.131734549501599,207,0.528936119157936,4.26180654979267,0.529719962049086,0.9,not-merged
turn_out#v#03,turn_out#v#02,1.7227665977411,0,0.0531259862033939,6,0,0,0.703403014570185,0.333333333333333,not-merged
turn_out#v#03,turn_out#v#04,1.7227665977411,0,0.0546670587426716,9,0,0,0.654341571028639,0.333333333333333,not-merged
turn_out#v#02,turn_out#v#04,1.7227665977411,0,0.0546670587426716,23,0,0,0.809591053409959,0.333333333333333,not-merged
treat#v#08,treat#v#05,1.54044504094715,0,0,13,0,0,0.318601530814191,0.285714285714286,not-merged
treat#v#08,treat#v#03,1.7227665977411,0,0,12,0,0,0.382599578812854,0.333333333333333,not-merged
treat#v#08,treat#v#01,1.7227665977411,3,0,22,0,2.51247190515251,0.416079800899245,0.5,not-merged
treat#v#05,treat#v#03,1.94591014905531,0,0.0534983887906121,19,0,0,0.622717030533253,0.4,not-merged
treat#v#05,treat#v#01,1.54044504094715,0,0.0582968409568654,18,0,0,0.447339023292911,0.285714285714286,not-merged
treat#v#03,treat#v#01,1.7227665977411,0,0.0684246591235232,41,0,0,0.7598889699463,0.333333333333333,not-merged
fine#s#05,fine#s#02,,,,,,,,,not-merged
fine#s#05,fine#s#04,,,,,,,,,not-merged
fine#s#05,fine#s#06,,,,,,,,,not-merged
fine#s#02,fine#s#04,,,,,,,,,merged
fine#s#02,fine#s#06,,,,,,,,,not-merged
fine#s#04,fine#s#06,,,,,,,,,not-merged
bar#n#03,bar#n#02,1.55814461804655,0,0.0773185518445366,84,0.361074095587084,3.65453502775843,0.71411215807537,0.666666666666667,not-merged
bar#n#03,bar#n#08,1.44036158239017,0,0,46,0,2.36777727373045,0.41902101972692,0.555555555555556,not-merged
bar#n#03,bar#n#07,0.929535958624176,0,0,35,0,0,0.727590507803081,0.222222222222222,not-merged
bar#n#03,bar#n#05,1.69167601067107,0,0.0599630520437267,46,0.228950216361852,2.4759673485965,0.519049811749097,0.666666666666667,not-merged
bar#n#02,bar#n#08,1.15267950993839,0,0,30,0,2.36777727373045,0.381836194540221,0.476190476190476,not-merged
bar#n#02,bar#n#07,0.747214401830221,0,0,26,0,0,0.643080477426422,0.19047619047619,not-merged
bar#n#02,bar#n#05,1.33500106673234,0,0.0534992828803475,34,0.209439266801802,2.4759673485965,0.454511976258752,0.571428571428571,not-merged
bar#n#08,bar#n#07,0.998528830111127,0,0,22,0,0,0.402776229113191,0.235294117647059,not-merged
bar#n#08,bar#n#05,1.44036158239017,0,0,20,0,2.36777727373045,0.256228049800661,0.555555555555556,not-merged
bar#n#07,bar#n#05,0.929535958624176,0,0,25,0,0,0.439793745925596,0.222222222222222,not-merged
work#v#16,work#v#03,1.25276296849537,0,0,10,0,0,0.428414483923209,0.222222222222222,not-merged
work#v#16,work#v#09,1.13497993283898,2,0,13,0,0,0.485630453210098,0.2,not-merged
work#v#16,work#v#05,1.13497993283898,0,0,14,0,0,0.432630902600817,0.2,not-merged
work#v#16,work#v#01,1.38629436111989,0,0,15,0,0,0.407857589720535,0.25,not-merged
work#v#16,work#v#02,1.38629436111989,0,0,8,0,0,0.41210988176764,0.25,not-merged
work#v#16,work#v#08,1.25276296849537,0,0,11,0,0,0.450604176955529,0.222222222222222,not-merged
work#v#16,work#v#21,1.25276296849537,0,0,11,0,0,0.467844177181465,0.222222222222222,not-merged
work#v#16,work#v#10,1.25276296849537,0,0,3,0,0,0.465090075662363,0.222222222222222,not-merged
work#v#03,work#v#09,1.54044504094715,0,0.0530110207405808,20,0,0,0.674988616808238,0.285714285714286,not-merged
work#v#03,work#v#05,1.54044504094715,0,0.0614487093246455,18,0,0,0.683279488032979,0.285714285714286,not-merged
work#v#03,work#v#01,1.94591014905531,0,0.068122626419669,20,0,0,0.821254864479224,0.4,not-merged
work#v#03,work#v#02,1.94591014905531,0,0.0670566760848989,27,0,0,0.84673958862575,0.4,not-merged
work#v#03,work#v#08,1.7227665977411,0,0.0538319756115466,17,0,0,0.618590786742587,0.333333333333333,not-merged
work#v#03,work#v#21,1.7227665977411,0,0,15,0,0,0.710346328862998,0.333333333333333,not-merged
work#v#03,work#v#10,1.7227665977411,0,0.0530110207405808,6,0,0,0.701470833045269,0.333333333333333,not-merged
work#v#09,work#v#05,1.38629436111989,0,0.0536455981381099,19,0,0,0.531449389885873,0.25,not-merged
work#v#09,work#v#01,1.7227665977411,0,0.0586629511428563,22,0,0,0.648824346843603,0.333333333333333,not-merged
work#v#09,work#v#02,1.7227665977411,0,0.057870765982869,20,0,0,0.688848078718848,0.333333333333333,not-merged
work#v#09,work#v#08,1.54044504094715,0,0.0477476399311276,15,0,0,0.57553982191906,0.285714285714286,not-merged
work#v#09,work#v#21,1.54044504094715,0,0,16,0,0,0.546879642981192,0.285714285714286,not-merged
work#v#09,work#v#10,1.54044504094715,0,0.0471006586888116,5,0,0,0.545030577645725,0.285714285714286,not-merged
work#v#05,work#v#01,1.7227665977411,0,0.0691741513258093,45,0,0,0.66429147153435,0.333333333333333,not-merged
work#v#05,work#v#02,1.7227665977411,0,0.0680753049012622,29,0,0,0.669500830678068,0.333333333333333,not-merged
work#v#05,work#v#08,1.54044504094715,0,0.0544864812939245,18,0,0,0.499898801870502,0.285714285714286,not-merged
work#v#05,work#v#21,1.54044504094715,0,0,24,0,0,0.532928244518472,0.285714285714286,not-merged
work#v#05,work#v#10,1.54044504094715,0,0.0536455981381099,10,0,0,0.510565047750426,0.285714285714286,not-merged
work#v#01,work#v#02,2.23359222150709,0,0.076363331171044,111,0,0,0.894871267880838,0.5,merged
work#v#01,work#v#08,2.63905732961526,16,0.256613614961035,305,0.767471581611199,6.43097135499505,0.752341410429739,0.8,not-merged
work#v#01,work#v#21,1.94591014905531,0,0,22,0,0,0.614960119771052,0.4,not-merged
work#v#01,work#v#10,1.94591014905531,0,0.0586629511428563,14,0,0,0.603604949878878,0.4,not-merged
work#v#02,work#v#08,1.94591014905531,0,0.0588505321161044,22,0,0,0.656672969019429,0.4,not-merged
work#v#02,work#v#21,1.94591014905531,0,0,15,0,0,0.647674647320161,0.4,not-merged
work#v#02,work#v#10,1.94591014905531,0,0.057870765982869,9,0,0,0.62327605788736,0.4,not-merged
work#v#08,work#v#21,1.7227665977411,0,0,15,0,0,0.576024327405236,0.333333333333333,not-merged
work#v#08,work#v#10,1.7227665977411,0,0.0477476399311276,7,0,0,0.576673742670095,0.333333333333333,not-merged
work#v#21,work#v#10,2.23359222150709,5,0,154,0,3.05340116383927,0.971859513685363,0.666666666666667,not-merged
facility#n#05,facility#n#04,0.929535958624176,0,0,12,0,0,0.392301014081167,0.222222222222222,merged
facility#n#05,facility#n#01,0.929535958624176,0,0,30,0,0,0.642984494944369,0.222222222222222,not-merged
facility#n#04,facility#n#01,2.53897387105828,5,0.0715074138506962,93,0.261502128581411,2.4759673485965,0.565847722478933,0.857142857142857,not-merged
work_out#v#05,work_out#v#02,1.38629436111989,0,0,6,0,0,0.741071037723226,0.25,not-merged
circuit#n#01,circuit#n#03,1.23969088692802,0,0,39,0,1.43618938575883,0.463109935557113,0.444444444444444,not-merged
circuit#n#01,circuit#n#04,1.07263680226485,0,0,69,0,0,0.575486125472997,0.25,not-merged
circuit#n#03,circuit#n#04,1.23969088692802,0,0,25,0,0,0.502708698788629,0.285714285714286,not-merged
hold#v#18,hold#v#08,1.94591014905531,0,0.0691412630563411,17,0,0,0.608529328337922,0.4,not-merged
face#v#05,face#v#04,1.54044504094715,0,0.0484126427704803,11,0,0,0.574259167125196,0.285714285714286,not-merged
face#v#05,face#v#09,1.54044504094715,0,0,10,0,0,0.518079357058261,0.285714285714286,not-merged
face#v#04,face#v#09,1.7227665977411,0,0,9,0,0,0.775094030486028,0.333333333333333,not-merged
post#n#04,post#n#09,0.80437281567017,0,0.043796559384888,100,0,0,0.651613266978981,0.2,not-merged
post#n#04,post#n#01,1.07263680226485,0,0.0538382045253322,70,0.133931977165239,1.43618938575883,0.552947391582935,0.4,not-merged
post#n#04,post#n#11,0.54654370636807,0,0,17,0,0,0.384895606930489,0.16,not-merged
post#n#09,post#n#01,1.07263680226485,0,0.0422944322994653,78,0,0,0.428010124084115,0.25,not-merged
post#n#09,post#n#11,0.998528830111127,0,0,21,0,0.51618869190567,0.237332890877505,0.380952380952381,not-merged
post#n#01,post#n#11,0.747214401830221,0,0,21,0,0,0.224393760540634,0.19047619047619,not-merged
dress#v#04,dress#v#16,1.13497993283898,0,0.046840801913038,7,0,0,0.382304724098363,0.2,not-merged
dress#v#04,dress#v#14,1.54044504094715,0,0,8,0,0,0.555579520888028,0.285714285714286,not-merged
dress#v#04,dress#v#02,1.7227665977411,4,0.0727090601464426,24,0.311039927124767,3.10458504305083,0.659836413513031,0.5,merged
dress#v#04,dress#v#10,1.38629436111989,0,0,9,0,0,0.334213237144943,0.25,not-merged
dress#v#04,dress#v#09,1.25276296849537,0,0,6,0,0,0.298695530662684,0.222222222222222,not-merged
dress#v#04,dress#v#01,2.63905732961526,16,0.295474198360153,61,0.818605909965223,7.63663763982731,0.752324850928407,0.857142857142857,not-merged
dress#v#16,dress#v#14,1.25276296849537,0,0,7,0,0,0.515562419925401,0.222222222222222,not-merged
dress#v#16,dress#v#02,1.13497993283898,0,0.051895571145546,10,0,0,0.50241497274339,0.2,not-merged
dress#v#16,dress#v#10,1.13497993283898,0,0,6,0,0,0.268190377025234,0.2,not-merged
dress#v#16,dress#v#09,1.02961941718116,0,0,5,0,0,0.201911819816227,0.181818181818182,not-merged
dress#v#16,dress#v#01,1.25276296849537,0,0.0556652830777118,16,0,0,0.443933722239335,0.222222222222222,not-merged
dress#v#14,dress#v#02,1.54044504094715,0,0,22,0,0,0.844864840368628,0.285714285714286,not-merged
dress#v#14,dress#v#10,1.54044504094715,0,0,12,0,0,0.400444505833668,0.285714285714286,not-merged
dress#v#14,dress#v#09,1.38629436111989,0,0,12,0,0,0.400201597417648,0.25,not-merged
dress#v#14,dress#v#01,1.7227665977411,0,0,23,0,0,0.670998399957431,0.333333333333333,not-merged
dress#v#02,dress#v#10,1.38629436111989,0,0,13,0,0,0.41245642235168,0.25,not-merged
dress#v#02,dress#v#09,1.25276296849537,0,0,18,0,0,0.386048259813375,0.222222222222222,not-merged
dress#v#02,dress#v#01,1.94591014905531,6,0.0964408140006174,72,0.374537711977294,3.10458504305083,0.765766471994584,0.571428571428571,not-merged
dress#v#10,dress#v#09,1.25276296849537,0,0,9,0,0,0.261556711585285,0.222222222222222,not-merged
dress#v#10,dress#v#01,1.54044504094715,0,0,20,0,0,0.380641900196301,0.285714285714286,not-merged
dress#v#09,dress#v#01,1.38629436111989,0,0,15,0,0,0.273622075071294,0.25,not-merged
material#n#01,material#n#02,1.33500106673234,0,0.0789947680454432,62,0,0,0.857075819774475,0.307692307692308,not-merged
material#n#01,material#n#03,1.44036158239017,0,0.0857004982956266,32,0.134810509557963,0.909073864437029,0.678512693441671,0.428571428571429,merged
material#n#01,material#n#05,1.69167601067107,0,0.0690994082083761,21,0.111610924412233,0.909073864437029,0.513260335753032,0.5,not-merged
material#n#02,material#n#03,0.998528830111127,0,0.063198606033873,18,0,0,0.673956524423791,0.235294117647059,not-merged
material#n#02,material#n#05,1.15267950993839,0,0.0536869681244574,19,0,0,0.590019885915745,0.266666666666667,not-merged
material#n#03,material#n#05,1.23969088692802,0,0.0603073000105123,15,0.147648872151623,1.43618938575883,0.614568995815997,0.444444444444444,not-merged
free#a#01,free#a#06,,16,,204,,,0.842929567807105,,not-merged
free#a#01,free#a#02,,0,,59,,,0.521980781451256,,not-merged
free#a#06,free#a#02,,0,,26,,,0.489716277411535,,not-merged
green_bean#n#01,green_bean#n#02,0.54654370636807,3,0,23,0,0.909073864437029,0.475566170723023,0.222222222222222,merged
turn#v#21,turn#v#13,1.54044504094715,0,0.0506599196362232,24,0,0,0.508940390663855,0.285714285714286,not-merged
turn#v#21,turn#v#20,1.94591014905531,4,0,25,0,3.05340116383927,0.534251461435462,0.571428571428571,not-merged
turn#v#21,turn#v#06,2.23359222150709,5,0.195050260657706,31,0.715157375590587,6.43606042450252,0.864756741597429,0.75,not-merged
turn#v#21,turn#v#09,1.94591014905531,4,0.0786387466010195,22,0.324429896207104,3.05340116383927,0.446135693341814,0.571428571428571,not-merged
turn#v#21,turn#v#05,1.54044504094715,0,0.0590454348944713,10,0,0,0.393906275929134,0.285714285714286,not-merged
turn#v#21,turn#v#19,1.54044504094715,0,0,6,0,0,0.416704917661822,0.285714285714286,not-merged
turn#v#21,turn#v#01,1.54044504094715,3,0.0655069799445799,37,0,0,0.618461715560558,0.285714285714286,not-merged
turn#v#21,turn#v#04,1.94591014905531,4,0.0906620064442391,25,0.356356442772621,3.05340116383927,0.477550962824605,0.571428571428571,not-merged
turn#v#21,turn#v#07,1.54044504094715,0,0.0539212961944165,11,0,0,0.50431517197862,0.285714285714286,not-merged
turn#v#21,turn#v#24,1.38629436111989,0,0,7,0,3.05340116383927,0.55690264301321,0.4,not-merged
turn#v#13,turn#v#20,1.7227665977411,0,0,44,0,0,0.651003063066744,0.333333333333333,not-merged
turn#v#13,turn#v#06,1.54044504094715,0,0.0585387082707814,18,0,0,0.432726908639329,0.285714285714286,not-merged
turn#v#13,turn#v#09,1.7227665977411,0,0.0558444287034458,27,0,0,0.615790678613939,0.333333333333333,not-merged
turn#v#13,turn#v#05,1.7227665977411,4,0.0624226754691001,19,0,0,0.606466905756056,0.333333333333333,not-merged
turn#v#13,turn#v#19,1.7227665977411,0,0,9,0,0,0.520507620198893,0.333333333333333,not-merged
turn#v#13,turn#v#01,1.7227665977411,3,0.0696900142347751,44,0,0,0.747667521496688,0.333333333333333,not-merged
turn#v#13,turn#v#04,1.7227665977411,0,0.0616504175736618,38,0,0,0.624370442703629,0.333333333333333,not-merged
turn#v#13,turn#v#07,1.7227665977411,0,0.0567238863725415,14,0,0,0.668706860014561,0.333333333333333,not-merged
turn#v#13,turn#v#24,1.25276296849537,0,0,6,0,0,0.490729984151071,0.222222222222222,not-merged
turn#v#20,turn#v#06,1.94591014905531,4,0,20,0,3.05340116383927,0.52563573321298,0.571428571428571,not-merged
turn#v#20,turn#v#09,2.23359222150709,5,0,200,0,3.05340116383927,0.756077600151505,0.666666666666667,not-merged
turn#v#20,turn#v#05,1.7227665977411,0,0,13,0,0,0.371881708986475,0.333333333333333,not-merged
turn#v#20,turn#v#19,1.7227665977411,0,0,12,0,0,0.54428957157236,0.333333333333333,not-merged
turn#v#20,turn#v#01,1.7227665977411,4,0,75,0,0,0.646426158824354,0.333333333333333,not-merged
turn#v#20,turn#v#04,2.23359222150709,5,0,218,0,3.05340116383927,0.777878435777666,0.666666666666667,not-merged
turn#v#20,turn#v#07,1.7227665977411,0,0,21,0,0,0.610010746804353,0.333333333333333,not-merged
turn#v#20,turn#v#24,1.54044504094715,2,0,7,0,3.05340116383927,0.550923698214461,0.444444444444444,not-merged
turn#v#06,turn#v#09,1.94591014905531,4,0.0994073260952502,13,0.377746041869435,3.05340116383927,0.416883205340213,0.571428571428571,not-merged
turn#v#06,turn#v#05,1.54044504094715,0,0.0700311820980656,4,0,0,0.346554119592088,0.285714285714286,not-merged
turn#v#06,turn#v#19,1.54044504094715,0,0,3,0,0,0.371286284401975,0.285714285714286,not-merged
turn#v#06,turn#v#01,1.54044504094715,3,0.0793097393751311,19,0,0,0.544745198859671,0.285714285714286,not-merged
turn#v#06,turn#v#04,1.94591014905531,4,0.119428342477987,18,0.421739789696937,3.05340116383927,0.45479868186951,0.571428571428571,not-merged
turn#v#06,turn#v#07,1.54044504094715,0,0.0629374493450606,8,0,0,0.501332801538802,0.285714285714286,not-merged
turn#v#06,turn#v#24,1.38629436111989,0,0,7,0,3.05340116383927,0.527622356764751,0.4,not-merged
turn#v#09,turn#v#05,1.7227665977411,0,0.0662096923635206,8,0,0,0.34950789535085,0.333333333333333,not-merged
turn#v#09,turn#v#19,1.7227665977411,0,0,10,0,0,0.479718870215472,0.333333333333333,not-merged
turn#v#09,turn#v#01,1.7227665977411,4,0.0744437155192817,73,0,0,0.647255632155285,0.333333333333333,not-merged
turn#v#09,turn#v#04,2.23359222150709,5,0.108726411862865,209,0.39902788133918,3.05340116383927,0.842044905908328,0.666666666666667,not-merged
turn#v#09,turn#v#07,1.7227665977411,0,0.0598337813444936,18,0,0,0.610798318259348,0.333333333333333,not-merged
turn#v#09,turn#v#24,1.54044504094715,2,0,6,0,3.05340116383927,0.435549042803308,0.444444444444444,not-merged
turn#v#05,turn#v#19,1.7227665977411,0,0,7,0,0,0.410634593203059,0.333333333333333,not-merged
turn#v#05,turn#v#01,1.7227665977411,0,0.0866108487949488,32,0,0,0.586077199531098,0.333333333333333,not-merged
turn#v#05,turn#v#04,1.7227665977411,0,0.0745315880762663,13,0,0,0.368016766009022,0.333333333333333,not-merged
turn#v#05,turn#v#07,1.7227665977411,0,0.0674495439358564,8,0,0,0.465262920147632,0.333333333333333,not-merged
turn#v#05,turn#v#24,1.25276296849537,0,0,7,0,0,0.493747278636099,0.222222222222222,not-merged
turn#v#19,turn#v#01,1.7227665977411,0,0,16,0,0,0.510712563484755,0.333333333333333,not-merged
turn#v#19,turn#v#04,1.7227665977411,0,0,9,0,0,0.515584541402155,0.333333333333333,not-merged
turn#v#19,turn#v#07,1.7227665977411,0,0,6,0,0,0.558034414420096,0.333333333333333,not-merged
turn#v#19,turn#v#24,1.25276296849537,0,0,7,0,0,0.60159440812505,0.222222222222222,not-merged
turn#v#01,turn#v#04,1.7227665977411,0,0.0851312456738195,108,0,0,0.724088603010707,0.333333333333333,not-merged
turn#v#01,turn#v#07,1.7227665977411,0,0.0760147843711502,28,0,0,0.598480320558234,0.333333333333333,not-merged
turn#v#01,turn#v#24,1.25276296849537,0,0,18,0,0,0.614608582142025,0.222222222222222,not-merged
turn#v#04,turn#v#07,1.7227665977411,0,0.0665487962038702,19,0,0,0.644071146989679,0.333333333333333,not-merged
turn#v#04,turn#v#24,1.54044504094715,2,0,6,0,3.05340116383927,0.493041199928024,0.444444444444444,not-merged
turn#v#07,turn#v#24,1.25276296849537,0,0,5,0,0,0.606800897218728,0.222222222222222,not-merged
workday#n#02,workday#n#01,1.55814461804655,0,0,7,0,3.51479776120467,0.518300791467976,0.666666666666667,not-merged
draw_up#v#02,draw_up#v#03,1.38629436111989,0,0.0465496470206823,4,0,0,0.215112437253304,0.25,not-merged
draw_up#v#02,draw_up#v#05,1.38629436111989,0,0.051186162879856,4,0,0,0.198845151677816,0.25,not-merged
draw_up#v#03,draw_up#v#05,1.7227665977411,4,0.0465496470206823,23,0,0,0.742194897629682,0.333333333333333,not-merged
discover#v#04,discover#v#02,1.38629436111989,0,0.0642224898020676,12,0,0,0.758572878829207,0.25,not-merged
